pl_name,pl_bmasse,st_met,st_metratio,pl_massjlim,st_metlim,st_lum,sy_pnum,st_teff
HD 18599 b,24.1,0,[Fe/H],0,0,-0.42946,1,5145
K2-10 b,25.2,-0.07,[Fe/H],0,0,-0.10088,1,5533
Kepler-128 b,3.79,-0.03,[Fe/H],0,0,0.57542,2,6072
Kepler-272 c,97.8,0.04,[Fe/H],0,0,0.06634,3,5297
CoRoT-3 b,6883.91,0.14,[Fe/H],0,0,0.39086,1,6740
GJ 179 b,301.9369867,0.3,[Fe/H],0,0,-1.796,1,3370
GQ Lup b,6356,-0.35,[Fe/H],0,0,-0.07239,1,4360
GJ 876 b,723.2235,0.2129,[Fe/H],0,0,-1.90658,4,3293.74
HD 86226 b,143.0235,0.018,[Fe/H],0,0,0.07188,2,5863
HD 86226 c,7.25,0.018,[Fe/H],0,0,0.07188,2,5863
GJ 876 d,6.83,0.2129,[Fe/H],0,0,-1.90658,4,3293.74
GJ 876 e,14.6,0.2129,[Fe/H],0,0,-1.90658,4,3293.74
CoRoT-17 b,772.29,0,[Fe/H],0,0,0.13421,1,5740
HD 55696 b,1357.127298,0.37,[Fe/H],0,0,0.43,1,6012
TOI-2374 b,61.65871096,0.128,[Fe/H],0,0,-0.54516,1,5002
CoRoT-18 b,1102.82,-0.1,[Fe/H],0,0,-0.17,1,5440
Kepler-45 b,160.497,0.28,[Fe/H],0,0,-1.27572,1,3820
WASP-23 b,280.95,-0.05,[Fe/H],0,0,-0.37679,1,5150
OGLE-TR-211 b,327.351,0.11,[Fe/H],0,0,0.26657,1,6325
CoRoT-11 b,740.51,-0.03,[Fe/H],0,0,0.37753,1,6440
CoRoT-13 b,415.704,0.01,[Fe/H],0,0,0.07314,1,5945
OGLE-TR-10 b,197.046,0.28,[Fe/H],0,0,0.188,1,5950
Kepler-18 c,17.3,0.19,[Fe/H],0,0,-0.031,3,5345
Kepler-18 b,6.9,0.19,[Fe/H],0,0,-0.031,3,5345
HD 189733 b,359.1479,-0.02,[Fe/H],0,0,-0.46119,1,5052
Kepler-4 b,24.472,0.17,[Fe/H],0,0,0.354,1,5857
WASP-38 b,1093.3352,-0.02,[Fe/H],0,0,0.45294,1,6180
Kepler-30 c,640,0.18,[Fe/H],0,0,-0.23658,3,5498
HD 106315 b,12.6,-0.311,[Fe/H],0,0,0.39454,2,6327
HIP 41378 g,6.81,0.046,[Fe/H],0,0,0.39646,6,6371
Kepler-18 d,16.4,0.19,[Fe/H],0,0,-0.031,3,5345
HAT-P-37 b,371.528,0.03,[Fe/H],0,0,-0.208,1,5500
HD 129445 b,797.7493016,0.25,[Fe/H],0,0,0.08968,1,5646
Kepler-419 c,2320.1,0.176,[Fe/H],0,0,0.7268,2,6430
WASP-67 b,136.6669,-0.07,[Fe/H],0,0,-0.29441,1,5200
CoRoT-14 b,2415.4,0.05,[Fe/H],0,0,0.11884,1,6035
Kepler-419 b,794.5,0.176,[Fe/H],0,0,0.7268,2,6430
CoRoT-6 b,940.74,-0.2,[Fe/H],0,0,0.02573,1,6090
WASP-31 b,151.916,-0.2,[Fe/H],0,0,0.33572,1,6302
Kepler-59 c,3.81,-0.2,[Fe/H],0,0,0.32374,2,6074
HAT-P-22 b,785.0401,0.24,[Fe/H],0,0,-0.114,1,5302
L 98-59 b,0.46,-0.46,[Fe/H],0,0,-1.91364,5,3415
HAT-P-18 b,62.61,0.1,[Fe/H],0,0,-0.569,1,4803
Kepler-59 b,4.1,-0.2,[Fe/H],0,0,0.32374,2,6074
Kepler-30 b,11.3,0.18,[Fe/H],0,0,-0.23658,3,5498
Kepler-65 d,4.14,0.17,[Fe/H],0,0,0.4674,4,6211
Kepler-55 b,43,-0.01,[Fe/H],0,0,-0.76324,5,4362
Kepler-413 b,67,-0.2,[Fe/H],0,0,-0.42994,1,4700
WASP-14 b,2809.6172,0,[Fe/H],0,0,0.42732,1,6475
HAT-P-2 b,2866.812231,0.18,[Fe/H],0,0,0.53,2,6380
HAT-P-42 b,331.801,0.27,[Fe/H],0,0,0.356,1,5743
WASP-59 b,274.276,-0.15,[Fe/H],0,0,-0.79407,1,4650
HAT-P-39 b,190.372,0.19,[Fe/H],0,0,0.607,1,6430
KOI-55 b,0.44,-0.106,[Fe/H],0,0,1.36,2,27730
WTS-2 b,355.9696,0.2,[Fe/H],0,0,-0.28812,1,5000
KOI-55 c,0.655,-0.106,[Fe/H],0,0,1.36,2,27730
HAT-P-13 b,270.462,0.46,[Fe/H],0,0,0.346,2,5653
HD 95086 b,1589,0.14,[Fe/H],0,0,0.82124,1,7595
HIP 41378 f,12,0.046,[Fe/H],0,0,0.39646,6,6226
HATS-5 b,75.323,0.19,[Fe/H],0,0,-0.268,1,5304
WTS-1 b,1274.44,-0.5,[Fe/H],0,0,0.08842,1,6250
Kepler-297 c,42.1,-0.11,[Fe/H],0,0,-0.09608,3,5619
CoRoT-26 b,165.26,0.01,[Fe/H],0,0,0.451,1,5590
CoRoT-25 b,85.81,-0.01,[Fe/H],0,0,0.14101,1,6040
Kepler-139 c,13,0.35,[Fe/H],0,0,0.01598,5,5594
Kepler-11 d,7.3,0.05,[Fe/H],0,0,0.1202,6,5663
Kepler-11 b,1.9,0.05,[Fe/H],0,0,0.1202,6,5663
GU Psc b,3591.3,0.1,[Fe/H],0,0,-1.60189,1,4031.81
HAT-P-45 b,283.492,0.07,[Fe/H],0,0,0.4,1,6330
HD 190984 b,1137.825697,-0.48,[Fe/H],0,0,0.43,1,5988
Kepler-422 b,136.66,0.23,[Fe/H],0,0,0.24,1,5972
Kepler-426 b,108.06,-0.21,[Fe/H],0,0,-0.089,1,5725
KOI-94 d,106,0.0228,[Fe/H],0,0,0.479,4,6182
KOI-94 b,10.5,0.0228,[Fe/H],0,0,0.479,4,6182
HD 50554 b,1859.296181,-0.04,[Fe/H],0,0,0.143,1,5987
Kepler-428 b,403.63,0.09,[Fe/H],0,0,-0.39,1,5150
Kepler-425 b,79.45,0.24,[Fe/H],0,0,-0.323,1,5170
WASP-70 A b,187.512,-0.006,[Fe/H],0,0,0.1624,1,5763
KOI-94 e,35,0.0228,[Fe/H],0,0,0.479,4,6182
HD 166724 b,1207.747947,-0.09,[Fe/H],0,0,-0.509,1,5127
Kepler-122 f,36,-0.08,[Fe/H],0,0,0.26993,5,5917
Kepler-96 b,8.46,0.04,[Fe/H],0,0,-0.05231,1,5690
CoRoT-23 b,889.9,0.05,[Fe/H],0,0,0.08678,1,5900
HD 150706 b,772.323029,-0.01,[Fe/H],0,0,0.03175,1,5961
Kepler-414 c,29.9,0.18,[Fe/H],0,0,-0.16917,2,5536
HAT-P-1 b,166.86075,0.13,[Fe/H],0,0,0.22463,1,5980
Kepler-33 c,0.39,0.025,[Fe/H],0,0,0.556,5,5904
Kepler-415 b,119.9,0.01,[Fe/H],0,0,-0.80504,2,4362
Kepler-33 e,5.57,0.025,[Fe/H],0,0,0.556,5,5904
Kepler-33 f,9.6,0.025,[Fe/H],0,0,0.556,5,5904
Kepler-33 d,3.91,0.025,[Fe/H],0,0,0.556,5,5904
HAT-P-53 b,471.65972,0,[Fe/H],0,0,0.21748,1,5956
Kepler-276 d,16.3,-0.29,[Fe/H],0,0,-0.08948,3,5693
WASP-96 b,152.55,0.14,[Fe/H],0,0,0.00217,1,5540
WASP-83 b,95.349,0.29,[Fe/H],0,0,-0.04966,1,5510
WASP-89 b,1875.197,0.15,[Fe/H],0,0,-0.34333,1,5130
HATS-6 b,101.38777,0.2,[Fe/H],0,0,-1.09983,1,3724
Kepler-412 b,299.07803,0.27,[Fe/H],0,0,0.26854,1,5750
Kepler-44 b,317.82,0.15,[Fe/H],0,0,0.34743,1,5800
Kepler-41 b,177.98,0.38,[Fe/H],0,0,0.26161,1,5750
POTS-1 b,734.16,-0.03,[Fe/H],0,0,-1.0869,1,4400
Kepler-238 f,13.5,0.34,[Fe/H],0,0,0.43048,5,5800
WASP-24 b,394.1092,0,[Fe/H],0,0,0.33131,1,6075
K2-237 b,434.153604,0.337,[Fe/H],0,0,0.3032,1,6180
Kepler-87 b,324.2,-0.17,[Fe/H],0,0,0.32604,2,5600
Kepler-75 b,3209.9,0.3,[Fe/H],0,0,-0.21487,1,5200
Kepler-74 b,200.22,0.42,[Fe/H],0,0,0.3321,1,6000
Kepler-328 b,28.5,0.08,[Fe/H],0,0,0.44013,2,6064
Kepler-56 c,181,0.2,[Fe/H],0,0,0.90455,3,4840
XO-5 b,378.2,0.05,[Fe/H],0,0,-0.06,1,5430
Kepler-447 b,435.41,0.07,[Fe/H],0,0,-0.19007,1,5493
Kepler-56 b,22.1,0.2,[Fe/H],0,0,0.90455,3,4840
WASP-16 b,394.1092,0.01,[Fe/H],0,0,0.01005,1,5700
WASP-17 b,247.9074,-0.25,[Fe/H],0,0,0.61272,1,6550
GJ 1132 b,1.83704819,-0.17,[Fe/H],0,0,-2.32148,2,3229
HAT-P-54 b,241.5508,-0.127,[Fe/H],0,0,-0.9017,1,4390
Kepler-226 b,24,0.09,[Fe/H],0,0,-0.23921,3,5571
WASP-26 b,270.1555,0.16,[Fe/H],0,0,0.28725,1,6034
HATS-14 b,340.39593,0.33,[Fe/H],0,0,-0.17274,1,5346
Kepler-11 f,2,0.05,[Fe/H],0,0,0.1202,6,5663
Kepler-11 e,8,0.05,[Fe/H],0,0,0.1202,6,5663
Kepler-11 c,2.9,0.05,[Fe/H],0,0,0.1202,6,5663
WASP-57 b,204.68252,-0.25,[Fe/H],0,0,-0.00509,1,5600
HAT-P-50 b,429.0705,-0.18,[Fe/H],0,0,0.60314,1,6280
HD 106906 b,3496,0.04,[Fe/H],0,0,0.75,1,6516
Kepler-282 d,61,-0.2,[Fe/H],0,0,0.10587,4,5656
Kepler-19 c,13.1,-0.08,[Fe/H],0,0,-0.16056,3,5544
WASP-37 b,572.07,-0.4,[Fe/H],0,0,-0.021,1,5800
WASP-90 b,200.2329,0.11,[Fe/H],0,0,0.63014,1,6430
Kepler-276 c,16.6,-0.29,[Fe/H],0,0,-0.08948,3,5693
Kepler-305 b,10.5,0.09,[Fe/H],0,0,-0.42318,4,5080
WASP-52 b,146.2,0.03,[Fe/H],0,0,-0.35366,1,5000
WASP-75 b,340.06,0.07,[Fe/H],0,0,0.30426,1,6100
WASP-135 b,603.877,0.02,[Fe/H],0,0,-0.32573,1,5675
Kepler-91 b,257.4423,0.11,[Fe/H],0,0,1.225,1,4550
CoRoT-7 b,4.07660518,0.05,[Fe/H],0,0,-0.28938,3,5275
HAT-P-66 b,248.86089,0.035,[Fe/H],0,0,0.6149,1,6002
WASP-118 b,163.36462,0.16,[Fe/H],0,0,0.65885,1,6410
WASP-7 b,305.1168,0,[Fe/H],0,0,0.53682,1,6400
XO-4 b,451.3186,-0.04,[Fe/H],0,0,0.53558,1,6397
KELT-2 A b,540.311,0,[Fe/H],0,0,0.6889,1,6327
K2-30 b,184.02357,-0.15,[Fe/H],0,0,-0.25649,1,5425
WASP-101 b,162.0933,0.2,[Fe/H],0,0,0.42052,1,6380
NGTS-33 b,1153.717117,-0.11,[Fe/H],0,0,0.77159,1,7437
HAT-P-30 b,263.7989,0.13,[Fe/H],0,0,0.312,1,6304
Kepler-317 b,109.8,0.13,[Fe/H],0,0,-0.2078,2,5497
GJ 3470 b,13.9,0.2,[Fe/H],0,0,-1.5376,1,3600
WASP-155 b,276.8285425,0,[Fe/H],0,0,0.14142,1,5660
Kepler-351 c,11.1,-0.16,[Fe/H],0,0,-0.38644,3,5643
Kepler-359 c,2.9,-0.29,[Fe/H],0,0,-0.09657,3,6248
K2-29 b,232.0159,0.16,[Fe/H],0,0,-0.29533,1,5358
Kepler-244 d,15.2,0.07,[Fe/H],0,0,-0.25619,3,5554
Kepler-254 c,3.2,-0.13,[Fe/H],0,0,-0.12491,3,5957
WASP-92 b,255.85315,0,[Fe/H],0,0,0.27461,1,6280
Kepler-138 d,2.1,-0.18,[Fe/H],0,0,-1.25181,4,3841
WASP-50 b,466.828704,-0.12,[Fe/H],0,0,-0.19792,1,5400
Kepler-281 b,324,0.02,[Fe/H],0,0,0.14638,3,5723
HD 27894 d,2063.659847,0.3,[Fe/H],0,0,-0.449,3,4875
TOI-2986 b,96.61983573,0.095,[Fe/H],0,0,0.36773,1,5906
WASP-154 b,198.9605828,0.2,[Fe/H],0,0,-0.50063,1,4774
TOI-5678 b,20,0,[Fe/H],0,0,-0.13069,1,5485
TOI-836.01,9.6,-0.284,[Fe/H],0,0,-0.85276,2,4552
WASP-77 A b,529.311429,-0.1,[Fe/H],0,0,-0.12901,1,5617
TOI-1422 b,9.5,-0.028,[Fe/H],0,0,0.04766,2,5840
TOI-5786 b,73,0.08,[Fe/H],0,0,0.39733,1,6235
TOI-4914 b,227,-0.13,[Fe/H],0,0,0.00903,1,5805
Kepler-351 b,4.8,-0.16,[Fe/H],0,0,-0.38644,3,5643
Kepler-310 d,7,-0.12,[Fe/H],0,0,-0.23934,3,5797
Kepler-85 e,0.6,0.12,[Fe/H],0,0,-0.2123,4,5436
K2-419 A b,196,-0.11,[Fe/H],0,0,-1.27654,1,3711
TOI-4794 b,308.2935548,-0.102,[Fe/H],0,0,0.49969,1,6390
HATS-33 b,378.85336,0.29,[Fe/H],0,0,-0.01773,1,5659
TOI-2154 b,292.4021344,0.011,[Fe/H],0,0,0.43457,1,6280
TOI-4666 b,155.418091,0.79,[Fe/H],0,0,-1.19518,1,3793
WASP-194 b,373.1305498,0,[Fe/H],0,0,0.48157,1,6405
TOI-2338 b,1900.613874,0.22,[Fe/H],0,0,-0.01323,1,5581
K2-55 b,44,0.376,[Fe/H],0,0,-0.78432,1,4300
K2-60 b,135.39558,0.01,[Fe/H],0,0,0.28233,1,5500
Kepler-102 d,3,0.11,[Fe/H],0,0,-0.58436,5,4909
HD 20329 b,7.42,-0.07,[Fe/H],0,0,0.04922,1,5596
KOI-1257 b,460.83,0.27,[Fe/H],0,0,0.0292,1,5520
Gaia-5 b,6633.078854,-0.18,[Fe/H],0,0,-1.82594,1,3447
WASP-8 b,807.2882,0.17,[Fe/H],0,0,-0.05754,2,5600
Kepler-107 b,3.8,0.321,[Fe/H],0,0,0.36449,4,5854
KELT-12 b,301.9385,0.19,[Fe/H],0,0,0.89209,1,6279
TOI-2443 b,4.8,-0.29,[Fe/H],0,0,-0.86487,1,4375
NGTS-24 b,165.2707716,0.27,[Fe/H],0,0,0.44592,1,5820
KELT-7 b,441.7837,0,[Fe/H],0,0,0.758,1,6768
TOI-201 d,5.8,0.24,[Fe/H],0,0,0.41664,3,6423
Kepler-245 d,21.6,0.12,[Fe/H],0,0,-0.39579,4,5100
Kepler-359 d,2.7,-0.29,[Fe/H],0,0,-0.09657,3,6248
TOI-2093 c,15.8,-0.08,[Fe/H],0,0,-0.73565,2,4426
TOI-1266 b,4.46,-0.109,[Fe/H],0,0,-1.58021,3,3563
WASP-195 b,33.05415433,0,[Fe/H],0,0,0.5414,1,6300
KELT-11 b,65.15482343,0.17,[Fe/H],0,0,0.74429,1,5375
HD 167677 b,905.81096,-0.29,[Fe/H],0,0,-0.13215,1,5474
HIP 29442 d,5.14,0.24,[Fe/H],0,0,-0.14921,3,5289
TOI-3819 b,352.7895318,0.273,[Fe/H],0,0,0.39967,1,5859
TOI-561 b,2.02,-0.41,[Fe/H],0,0,-0.28233,4,5342
TOI-2180 b,875.6172613,0.253,[Fe/H],0,0,0.40552,1,5695
TOI-1180 b,10,0.067,[Fe/H],0,0,-0.57675,1,4738
LHS 1140 c,1.91,-0.15,[Fe/H],0,0,-2.42022,2,3096
L 98-59 c,2,-0.46,[Fe/H],0,0,-1.91364,5,3415
L 98-59 d,1.64,-0.46,[Fe/H],0,0,-1.91364,5,3415
HIP 29442 c,4.5,0.24,[Fe/H],0,0,-0.14921,3,5289
WASP-136 b,479.9208946,-0.18,[Fe/H],0,0,0.82265,1,6250
TOI-1439 b,38.5,0.226,[Fe/H],0,0,0.44091,1,5841
HD 118203 c,3747.196919,0.287,[Fe/H],0,0,0.6458,2,5742
Kepler-93 b,4.66,-0.18,[Fe/H],0,0,-0.10565,2,5669
WASP-185 b,311.4734,-0.02,[Fe/H],0,0,0.41219,1,5900
K2-199 c,12.4,-0.01,[Fe/H],0,0,-0.73283,2,4491
TOI-3688 A b,311.4718389,0.262,[Fe/H],0,0,0.2833,1,5950
NGTS-30 b,305.1152707,-0.03,[Fe/H],0,0,-0.18738,1,5455
Kepler-407 c,4000,0.33,[Fe/H],0,0,-0.03934,2,5476
Kepler-427 b,92.17,-0.19,[Fe/H],0,0,0.29,1,5800
TOI-4961 b,572.0911326,0.206,[Fe/H],0,0,-0.20135,1,5380
HD 24040 b,1589.142035,0.19,[Fe/H],0,0,0.27569,2,5802
TOI-1759 b,10.8,0.05,[Fe/H],0,0,-1.05715,1,4065
TOI-5110 b,921.7023803,0.065,[Fe/H],0,0,0.84696,1,6160
WASP-148 c,124.5887355,0.099,[Fe/H],0,0,-0.13906,2,5555
Kepler-226 c,45.2,0.09,[Fe/H],0,0,-0.23921,3,5571
Kepler-113 b,11.7,0.05,[Fe/H],0,0,-0.57598,2,4725
Kepler-48 d,7.93,0.17,[Fe/H],0,0,-0.28926,5,5194
TOI-2525 c,208.8132634,0.14,[Fe/H],0,0,-0.44009,2,5096
Kepler-161 b,2.63,0.24,[Fe/H],0,0,-0.44679,2,5078
Kepler-131 c,8.25,0.12,[Fe/H],0,0,0.02191,2,5685
Kepler-231 c,24.1,-0.1,[Fe/H],0,0,-1.03621,2,3767
TOI-1450 A b,1.258,-0.12,[Fe/H],0,0,-1.56499,2,3437
TOI-1420 b,25.1,0.28,[Fe/H],0,0,-0.15181,1,5510
HD 23472 e,0.72,-0.2,[Fe/H],0,0,-0.62525,5,4684
TOI-544 b,2.89,-0.17,[Fe/H],0,0,-0.90049,2,4169
HATS-66 b,1694.0339,-0.017,[Fe/H],0,0,0.76716,1,6626
WASP-1 b,271.415,0.17,[Fe/H],0,0,0.44091,1,6110
HD 224018 d,4.2,0.05,[Fe/H],0,0,0.12385,3,5784
TOI-4487 A b,397.2855088,0.216,[Fe/H],0,0,0.55267,1,6206
HAT-P-44 b,111.871,0.33,[Fe/H],0,0,-0.194,2,5295
Kepler-435 b,266.97,-0.18,[Fe/H],0,0,1.129,1,6161
Qatar-5 b,1373.0256,0.377,[Fe/H],0,0,0.05614,1,5747
HATS-56 b,191.33366,0.19,[Fe/H],0,0,0.89763,1,6536
TOI-2046 b,731.0053361,-0.06,[Fe/H],0,0,0.27967,1,6250
HD 215497 c,111.2399425,0.23,[Fe/H],0,0,-0.41,2,5113
HAT-P-33 b,292.4036,0.05,[Fe/H],0,0,0.618,1,6446
HD 149026 b,120.7754,0.32,[Fe/H],0,0,0.48,1,6179
HD 100508 b,381.3940884,0.33,[Fe/H],0,0,-0.0942,1,5419
HATS-16 b,1039.3041,-0.1,[Fe/H],0,0,0.17319,1,5738
TOI-1799 b,4,-0.064,[Fe/H],0,0,-0.06198,1,5690
HD 191939 b,10,-0.15,[Fe/H],0,0,-0.18709,6,5348
TOI-333 b,20.1,0.01,[Fe/H],0,0,0.21559,1,6241
Kepler-19 b,6.1,-0.13,[Fe/H],0,0,-0.16056,3,5541
TOI-1411 b,2,0.012,[Fe/H],0,0,-1.01323,1,4115
K2-285 c,15.68,0,[Fe/H],0,0,-0.42183,4,4975
WASP-62 b,165.2716,0.04,[Fe/H],0,0,0.3456,1,6230
TOI-824 b,18.467,-0.092,[Fe/H],0,0,-0.70997,1,4600
nu Oph c,7838.32346,0.1,[Fe/H],0,0,1.89476,2,4887
HD 32963 b,657.9048025,0.11,[Fe/H],0,0,0.06398,1,5727
HIP 78530 b,7300,-0.5,[Fe/H],0,0,1.3684,1,10500
TOI-1516 b,1004.337766,-0.05,[Fe/H],0,0,0.39065,1,6520
TOI-332 b,57.2,0.256,[Fe/H],0,0,-0.22143,1,5251
K2-265 b,7.3418362,0.033,[Fe/H],0,0,-0.18243,1,5420
WASP-2 b,295.89973,0.12,[Fe/H],0,0,-0.31336,1,5180
WASP-28 b,282.5494538,-0.2,[Fe/H],0,0,0.15,1,6084
WASP-180 A b,286.047,0.1,[Fe/H],0,0,0.31533,1,6600
TOI-421 b,6.7,-0.044,[Fe/H],0,0,-0.26777,2,5291
HD 108341 b,715.1139158,0.04,[Fe/H],0,0,-0.37001,1,5122
TOI-521 b,5.3,-0.12,[Fe/H],0,0,-1.5986,1,3544
TOI-5542 b,419.5334972,-0.21,[Fe/H],0,0,1.057,1,5700
TOI-1789 b,222.4798849,0.373,[Fe/H],0,0,0.7364,1,5991
CoRoT-28 b,153.82972,0.15,[Fe/H],0,0,0.38849,1,5150
WASP-98 b,293.03926,-0.49,[Fe/H],0,0,-0.3578,1,5473
HIP 66074 b,1589.142035,0.12,[Fe/H],0,0,-0.81816,1,4300
TOI-3135 b,327.3632592,0.071,[Fe/H],0,0,0.02119,1,5890
TOI-4087 b,232.0147371,0.237,[Fe/H],0,0,0.17609,1,6060
TOI-286 c,3.72,-0.05,[Fe/H],0,0,-0.41364,2,5152
TOI-2019 b,34.4,0.409,[Fe/H],0,0,0.44075,1,5626
TOI-2076 e,4.7,-0.09,[Fe/H],0,0,-0.42285,4,5187
TOI-1117 b,8.9,0.136,[Fe/H],0,0,-0.4437,3,5635
K2-140 b,295.5804185,0.1,[Fe/H],0,0,-0.04915,1,5585
Kepler-434 b,908.96,0.25,[Fe/H],0,0,0.33,1,5977
Kepler-433 b,896.24,-0.01,[Fe/H],0,0,0.88,1,6360
HATS-43 b,82.95363,0.05,[Fe/H],0,0,-0.39794,1,5099
2M0437 b,1271.313628,0.01,[Fe/H],0,0,-1.16368,1,3100
TOI-4773 b,1687.668841,0.11,[Fe/H],0,0,0.64836,1,6740
TOI-762 A b,79.77493016,0.357,[Fe/H],0,0,-1.73283,1,3266
HD 207897 b,14.8,-0.03,[Fe/H],0,0,-0.42136,1,5106
TOI-1736 b,12.3,0.148,[Fe/H],0,0,0.27068,2,5636
NGTS-21 b,750.0750405,-0.26,[Fe/H],0,0,-0.53854,1,4660
TOI-4495 b,7.7,0.18,[Fe/H],0,0,0.36656,2,6210
kap CrB b,635.66,0.09,[Fe/H],0,0,1.03583,1,4840
TOI-244 b,2.68,-0.39,[Fe/H],0,0,-1.64264,1,3433
TOI-2295 b,278.0998561,0.316,[Fe/H],0,0,0.31387,2,5730
TOI-500 b,1.42,0.12,[Fe/H],0,0,-0.70002,4,4440
Wolf 327 b,2.53,-0.17,[Fe/H],0,0,-1.62986,1,3542
OGLE2-TR-L9 b,1430.175,-0.05,[Fe/H],0,0,0.51197,1,6933
GJ 9827 d,3.02,-0.29,[Fe/H],0,0,-1.00436,3,4236
TOI-5007 b,211.0380623,0.43,[Fe/H],0,0,-1.09528,1,3793
Kepler-1655 b,5.4,-0.24,[Fe/H],0,0,0.14315,1,6148
HAT-P-68 b,230.10892,-0.059,[Fe/H],0,0,-0.77911,1,4508
NGTS-15 b,238.6891337,0.15,[Fe/H],0,0,-0.08571,1,5600
TOI-5688 A b,124,0.47,[Fe/H],0,0,-1.22841,1,3713
Kepler-20 b,9.7,0.07,[Fe/H],0,0,-0.16451,6,5495
TOI-5592 b,285.7277379,-0.013,[Fe/H],0,0,0.4216,1,6237
HR 858 b,3.55,0.025,[Fe/H],0,0,0.36361,3,6354
TOI-4127 b,743.7184724,0.14,[Fe/H],0,0,0.31639,1,6096
HD 111998 b,1525.576354,0.07,[Fe/H],0,0,0.51231,1,6557
TOI-3464 b,397.2855088,0.045,[Fe/H],0,0,0.55871,1,6370
K2-131 b,7.9,-0.04,[Fe/H],0,0,-0.47906,1,5120
TOI-561 c,5.93,-0.41,[Fe/H],0,0,-0.28233,4,5342
TOI-1853 b,73.2,0.11,[Fe/H],0,0,-0.43227,1,4985
WASP-32 b,835.8929,-0.13,[Fe/H],0,0,0.19345,1,6140
TOI-2989 b,953.485221,-0.04,[Fe/H],0,0,-0.73755,1,4672
TOI-1136 c,6.32,0.07,[Fe/H],0,0,-0.02687,6,5770
TOI-1246 d,5.4,0.168,[Fe/H],0,0,-0.30103,4,5213
TOI-4860 b,86.7,0.27,[Fe/H],0,0,-1.83565,1,3260
Kepler-30 d,23.1,0.18,[Fe/H],0,0,-0.23658,3,5498
Kepler-454 b,5.4,0.32,[Fe/H],0,0,0.05259,3,5687
K2-157 b,1.14,0.02,[Fe/H],0,0,-0.2102,3,5334
NGTS-34 b,19.1,0.228,[Fe/H],0,0,0.37658,1,6134
WASP-66 b,746.9005,-0.31,[Fe/H],0,0,0.63724,1,6600
Qatar-8 b,117.91493,0.025,[Fe/H],0,0,0.22789,1,5738
TOI-1347 b,11.1,0.04,[Fe/H],0,0,-0.25964,2,5464
TOI-3523 A b,435.4249176,-0.366,[Fe/H],0,0,0.51455,1,6450
KELT-18 b,375.0394,0.09,[Fe/H],0,0,0.81291,1,6670
TOI-431 d,9.9,0.2,[Fe/H],0,0,-0.56509,3,4850
WASP-197 b,403.3242485,0,[Fe/H],0,0,0.77067,1,6050
TOI-1136 e,6.07,0.07,[Fe/H],0,0,-0.02687,6,5770
K2-287 b,100.11645,0.2,[Fe/H],0,0,-0.10829,1,5695
TOI-1758 b,6.9,-0.02,[Fe/H],0,0,-0.37263,1,5169
TOI-5108 b,32,0.2,[Fe/H],0,0,0.27505,1,5808
WASP-84 b,220,0,[Fe/H],0,0,-0.325,2,5280
TOI-6628 b,235.1930212,0.36,[Fe/H],0,0,-0.08778,1,5463
TOI-238 c,6.7,-0.114,[Fe/H],0,0,-0.47083,2,5059
HATS-54 b,239.3247905,0.37,[Fe/H],0,0,0.11461,1,5621
TOI-5340 b,270.154146,0.208,[Fe/H],0,0,0.5955,1,5990
HD 165131 b,5943.391211,0.06,[Fe/H],0,0,0.08329,1,5870
HAT-P-19 b,88.03846874,0.166,[Fe/H],0,0,-0.48545,1,4962
HATS-57 b,1000.21101,0.268,[Fe/H],0,0,-0.0942,1,5587
WASP-34 b,177.9848,-0.02,[Fe/H],0,0,0.0393,1,5700
WASP-3 b,772.3269,0,[Fe/H],0,0,0.43416,1,6400
TOI-4010 d,38.15,0.37,[Fe/H],0,0,-0.3996,4,4960
TOI-5734 b,9.1,-0.13,[Fe/H],0,0,-0.74232,1,4750
NGTS-17 b,242.820903,0.15,[Fe/H],0,0,0.2412,1,5650
Kepler-10 c,11.29,-0.15,[Fe/H],0,0,0.05467,3,5708
HD 87883 b,2005.497248,0.11,[Fe/H],0,0,-0.47108,1,4980
TOI-815 c,23.5,-0.09,[Fe/H],0,0,-0.50459,2,4869
Kepler-25 d,71.9,0.11,[Fe/H],0,0,0.4216,3,6354
TOI-3331 A b,721.4704839,0.148,[Fe/H],0,0,-0.09313,1,5609
K2-132 b,155.7367,-0.01,[Fe/H],0,0,0.94349,1,4840
Kepler-444 e,0.1,-0.55,[Fe/H],0,0,-0.42455,5,5046
Kepler-444 d,0.2,-0.55,[Fe/H],0,0,-0.42455,5,5046
TOI-763 b,9.79,0.01,[Fe/H],0,0,-0.15377,2,5450
TOI-615 b,138.2553571,-0.1,[Fe/H],0,0,0.7679,1,6850
AF Lep b,1147.360549,0.19,[Fe/H],0,0,0.29,1,6140
TOI-1338 c,75.4,0.01,[Fe/H],0,0,0.32898,2,5723.2
HD 145675 c,2510.844415,0.43,[Fe/H],0,0,-0.15273,2,5338
WASP-60 b,174.8065,-0.04,[Fe/H],0,0,0.34748,1,5900
Gaia-4 b,3750.375203,0.05,[Fe/H],0,0,-0.99957,1,4034
TOI-1232 c,58.48042689,0.18,[Fe/H],0,0,0.07298,2,5823
Kepler-21 b,7.5,-0.03,[Fe/H],0,0,0.715,1,6305
GJ 1214 b,8.41,0.24,[Fe/H],0,0,-2.40894,1,3101
GJ 436 b,22.1,0.0991,[Fe/H],0,0,-1.585,1,3586.11
HAT-P-12 b,67.059,-0.29,[Fe/H],0,0,-0.678,1,4650
HAT-P-17 b,184.3414,0,[Fe/H],0,0,-0.28893,2,5246
HAT-P-25 b,180.84527,0.294,[Fe/H],0,0,-0.15181,1,5519
HAT-P-32 b,216.1244,-0.16,[Fe/H],0,0,0.33806,1,6001
HD 141937 b,3591.460999,0.12,[Fe/H],0,0,0.022,1,5870
HD 148427 b,381.3940884,0.154,[Fe/H],0,0,0.78,1,5025
HD 39091 b,4481.380539,0.09,[Fe/H],0,0,0.15957,3,5998
HD 6718 b,762.7881768,-0.06,[Fe/H],0,0,0.0531,1,5746
HD 96127 b,1207.747947,-0.24,[Fe/H],0,0,2.86,1,3943
WASP-19 b,366.7739817,0.04,[Fe/H],0,0,-0.04335,1,5616
WASP-41 b,270.1555,0.06,[Fe/H],0,0,-0.19512,2,5545
WASP-43 b,565.714,-0.05,[Fe/H],0,0,-0.82509,1,4400
HIP 65891 b,1938.753283,0.16,[Fe/H],0,0,1.65,1,5000
WASP-131 b,86.76715511,-0.2,[Fe/H],0,0,0.53005,1,5990
EPIC 220674823 b,7.54,-0.005,[Fe/H],0,0,-0.11919,2,5578
EPIC 220674823 c,7.9,-0.005,[Fe/H],0,0,-0.11919,2,5578
pi Men c,3.63,0.09,[Fe/H],0,0,0.15836,3,5998
TOI-1728 b,26.78,0.25,[Fe/H],0,0,-1.05552,1,3980
TOI-776 b,5,-0.21,[Fe/H],0,0,-1.3098,2,3725
TOI-776 c,6.9,-0.21,[Fe/H],0,0,-1.3098,2,3725
TOI-1259 A b,141,-0.5,[Fe/H],0,0,-0.58996,1,4775
HAT-P-63 b,195.1466419,0.251,[Fe/H],0,0,-0.1463,1,5400
TOI-2202 b,287.3168799,0.059,[Fe/H],0,0,-0.40121,2,5169
TOI-2202 c,117.2786822,0.04,[Fe/H],0,0,-0.40121,2,5144
TOI-1232 b,220.5729145,0.18,[Fe/H],0,0,0.07298,2,5823
TOI-1288 b,44.1,0.257,[Fe/H],0,0,-0.1549,2,5388
KOI-13 b,2949.4624,0.2,[Fe/H],0,0,0.971,1,7650
GJ 463 b,1080.616584,-0.16,[Fe/H],0,0,-1.52293,1,3563
TOI-6324 b,1.17,-0.32,[Fe/H],0,0,-1.99802,1,3247
TOI-6420 b,2606.192937,0.24,[Fe/H],0,0,0.31175,1,6020
HD 222237 b,1649.529432,-0.32,[Fe/H],0,0,-0.66555,1,4751
HD 5388 b,1017.050902,-0.27,[Fe/H],0,0,0.66276,1,6297
HD 16760 b,6833.310751,0.067,[Fe/H],0,0,-0.14267,1,5518
KELT-24 b,1458.832388,0.138,[Fe/H],0,0,0.43933,1,6426
TOI-858 B b,349.6112477,0.153,[Fe/H],0,0,0.25285,1,5842
WASP-13 b,114.4188,0,[Fe/H],0,0,0.43636,1,5950
Kepler-104 b,19.6,-0.42,[Fe/H],0,0,0.08926,3,5711
TOI-2416 b,953.485221,0.32,[Fe/H],0,0,0.197,1,5808
TOI-1130 b,19.8,0.11,[Fe/H],0,0,-0.85387,2,4360
TOI-1130 c,336,0.11,[Fe/H],0,0,-0.85387,2,4360
WASP-102 b,197.6892692,-0.2,[Fe/H],0,0,0.35701,1,5990
HATS-32 b,292.4036,0.39,[Fe/H],0,0,0.0569,1,5700
HAT-P-46 b,156.684,0.3,[Fe/H],0,0,0.391,1,6120
TOI-125 b,9.5,-0.02,[Fe/H],0,0,-0.28483,3,5320
TOI-125 d,13.6,-0.02,[Fe/H],0,0,-0.28483,3,5320
HD 143361 b,1382.55357,0.14,[Fe/H],0,0,-0.09151,1,5507
WASP-11 b,251.0857,0,[Fe/H],0,0,0,1,4800
WASP-192 b,731.009,0.14,[Fe/H],0,0,0.28203,1,5910
WASP-44 b,276.5121,-0.003,[Fe/H],0,0,-0.19777,1,5420
HAT-P-5 b,311.4734,0.24,[Fe/H],0,0,0.187,1,5960
HAT-P-8 b,406.8224,0.01,[Fe/H],0,0,0.519,1,6200
Kepler-139 f,36,0.35,[Fe/H],0,0,0.01598,5,5630
TOI-836 b,4.53,-0.284,[Fe/H],0,0,-0.85276,2,4552
TOI-1246 b,8.1,0.17,[Fe/H],0,0,-0.30103,4,5151
HD 191939 c,8,-0.15,[Fe/H],0,0,-0.18709,6,5348
Qatar-10 b,233.92288,0.016,[Fe/H],0,0,0.29951,1,6124
Gliese 12 b,0.95,-0.24,[Fe/H],0,0,-2.13787,1,3328
HD 209458 b,232.0159,0.01,[Fe/H],0,0,0.23086,1,6091
KELT-3 b,616.5902,0.05,[Fe/H],0,0,0.62523,1,6304
WASP-133 b,368.6828,0.29,[Fe/H],0,0,0.30545,1,5700
TOI-564 b,464.98529,0.143,[Fe/H],0,0,0.03262,1,5640
Kepler-1656 c,126.4,0.19,[Fe/H],0,0,0.02083,2,5569
HATS-55 b,292.72143,0.108,[Fe/H],0,0,0.22891,1,6214
WASP-183 b,159.55066,-0.31,[Fe/H],0,0,-0.20873,1,5313
WASP-170 b,508.528,0.22,[Fe/H],0,0,-0.11351,1,5600
TOI-1472 b,18.05,0.27,[Fe/H],0,0,-0.35556,2,5100
TOI-532 b,61.5,0.338,[Fe/H],0,0,-1.09528,1,3927
LP 714-47 b,30.8,0.41,[Fe/H],0,0,-1.12494,1,3950
HD 106270 b,3623.24384,0.06,[Fe/H],0,0,0.75587,1,5509
HATS-10 b,167.17858,0.15,[Fe/H],0,0,0.117,1,5880
HATS-61 b,1080.622,0.247,[Fe/H],0,0,0.36922,1,5542
Kepler-60 c,3.85,-0.09,[Fe/H],0,0,0.36906,3,5905
WASP-49 b,117.5971,-0.23,[Fe/H],0,0,-0.05339,1,5600
WASP-15 b,171.6282,-0.17,[Fe/H],0,0,0.49,1,6300
K2-32 e,2.1,-0.06,[Fe/H],0,0,-0.29607,4,5271
Kepler-411 b,25.6,0.21,[Fe/H],0,0,-0.57899,4,4974
NGTS-16 b,211.9915475,0.35,[Fe/H],0,0,0.11732,1,5550
K2-31 b,563.83042,0.08,[Fe/H],0,0,-0.11028,1,5280
K2-39 b,28.6047,0.32,[Fe/H],0,0,0.67409,1,4881
TOI-4515 b,637,0.05,[Fe/H],0,0,-0.23582,1,5433
LTT 1445 A b,2.73,-0.34,[Fe/H],0,0,-2.04591,2,3562
AU Mic c,14.46,0.01,[Fe/H],0,0,-0.97757,4,3540
HAT-P-7 b,584.8072,0.26,[Fe/H],0,0,0.8142,1,6389
AU Mic b,8.99,0.01,[Fe/H],0,0,-0.97757,4,3540
WASP-63 b,117.5971,0.08,[Fe/H],0,0,0.44936,1,5550
TOI-3540 A b,375.0375203,0.176,[Fe/H],0,0,0.19005,1,5810
HATS-62 b,56.89157,0.133,[Fe/H],0,0,-0.17328,1,5416
NGTS-12 b,66.10864,-0.03,[Fe/H],0,0,0.33843,1,5690
55 Cnc e,7.99,0.35,[Fe/H],0,0,-0.19695,7,5172
K2-329 b,82.6358,0.098,[Fe/H],0,0,-0.32514,1,5282
NGTS-18 b,129.9918185,0.15,[Fe/H],0,0,0.2703,1,5610
HD 221420 b,7278.27052,0.33,[Fe/H],0,0,0.60293,1,5847
TOI-6255 b,1.44,-0.14,[Fe/H],0,0,-1.77344,1,3421
TOI-157 b,375.0394,0.24,[Fe/H],0,0,0.01995,1,5404
Kepler-414 b,3.5,0.18,[Fe/H],0,0,-0.16917,2,5536
TOI-1333 b,753.2571,0.119,[Fe/H],0,0,0.71349,1,6274
HAT-P-61 b,335.9446262,0.194,[Fe/H],0,0,-0.1152,1,5587
TOI-849 b,41.8,0.19,[Fe/H],0,0,-0.2184,1,5257
HD 68988 c,4776.960957,0.3052,[Fe/H],0,0,0.22184,2,5883.41
WASP-121 b,371.8592362,0.17,[Fe/H],0,0,0.64372,1,6628
TOI-663 b,4.45,0.07,[Fe/H],0,0,-1.37033,3,3681
Qatar-4 b,1938.763,0.103,[Fe/H],0,0,-0.31785,1,5215
K2-113 b,410.0007,0.27,[Fe/H],0,0,0.0086,1,5660
TOI-150.01,797.7533,0.28,[Fe/H],0,0,0.49651,1,6255
TOI-2107 b,263.7975778,0.07,[Fe/H],0,0,-0.10458,1,5627
HD 16175 b,1875.187601,0.3,[Fe/H],0,0,0.50786,1,5981
K2-146 c,7.49,-0.02,[Fe/H],0,0,-1.82391,2,3385
TOI-1248 b,27.4,0.223,[Fe/H],0,0,-0.30016,1,5205
Qatar-7 b,597.5204,0.276,[Fe/H],0,0,0.56348,1,6387
HATS-22 b,870.8542,0,[Fe/H],0,0,-0.64589,1,4803
HAT-P-38 b,84.857,0.06,[Fe/H],0,0,-0.208,1,5330
TOI-5232 b,743.7184724,-0.104,[Fe/H],0,0,0.71265,1,6500
V1298 Tau e,15.3,0.1,[Fe/H],0,0,-0.02045,4,4970
V1298 Tau c,4.7,0.1,[Fe/H],0,0,-0.02045,4,4970
HAT-P-64 b,184.3404761,-0.113,[Fe/H],0,0,0.66839,1,6457
HATS-40 b,505.3497,0.01,[Fe/H],0,0,0.90309,1,6460
TOI-431 b,3.07,0.2,[Fe/H],0,0,-0.56509,3,4850
GJ 317 b,794.5,-0.02,[Fe/H],0,0,-1.68663,2,3496
HR 858 d,7.1,0.025,[Fe/H],0,0,0.36361,3,6354
HATS-74 A b,464.0294742,0.514,[Fe/H],0,0,-1.2161,1,3776.9
TOI-1278 b,5879.82553,-0.01,[Fe/H],0,0,-1.21183,1,3799
WASP-97 b,432.2488,0.23,[Fe/H],0,0,0.07149,1,5640
Kepler-98 b,3.55,0.18,[Fe/H],0,0,-0.13324,1,5539
WASP-46 b,607.0553,-0.3,[Fe/H],0,0,-0.11113,1,5600
WASP-48 b,254.264,-0.12,[Fe/H],0,0,0.58013,1,5920
WASP-6 b,148.4258661,-0.15,[Fe/H],0,0,-0.29675,1,5438
TOI-4336 A b,3.33,0.14,[Fe/H],0,0,-1.95861,2,3307
PDS 70 b,1017.050902,-0.11,[Fe/H],0,0,-0.45593,2,4109
TOI-1064 b,13.5,0.05,[Fe/H],0,0,-0.62342,2,4734
TrES-5 b,568.9157,0.2,[Fe/H],0,0,-0.34382,1,5171
WASP-114 b,562.24127,0.14,[Fe/H],0,0,0.33294,1,5940
WASP-25 b,179.2552216,-0.2,[Fe/H],0,0,-0.143,1,5697
TOI-1064 c,2.5,0.05,[Fe/H],0,0,-0.62342,2,4734
TOI-1295 b,451.3163379,0.26,[Fe/H],0,0,0.58659,1,6280
K2-115 b,321.0066911,-0.198,[Fe/H],0,0,-0.10791,1,5870
XO-1 b,263.7989,0.02,[Fe/H],0,0,-0.08628,1,5750
WASP-190 b,317.83,-0.02,[Fe/H],0,0,0.69146,1,6400
TOI-480 b,20.8,0.164,[Fe/H],0,0,0.46195,1,6174
TRAPPIST-1 b,1.374,0.052,[Fe/H],0,0,-3.25727,7,2566
TRAPPIST-1 d,0.388,0.052,[Fe/H],0,0,-3.25727,7,2566
TRAPPIST-1 e,0.692,0.052,[Fe/H],0,0,-3.25727,7,2566
TRAPPIST-1 g,1.321,0.052,[Fe/H],0,0,-3.25727,7,2566
TRAPPIST-1 h,0.326,0.052,[Fe/H],0,0,-3.25727,7,2566
HATS-26 b,206.5895,-0.02,[Fe/H],0,0,0.70415,1,6071
WASP-186 b,1341.2426,-0.08,[Fe/H],0,0,0.50022,1,6361
TOI-4552 b,1.83,-0.07,[Fe/H],0,0,-2.07779,1,3258
TOI-3837 b,187.5187601,-0.26,[Fe/H],0,0,0.19618,1,5905
HATS-17 b,425.25654,0.3,[Fe/H],0,0,0.09342,1,5846
TOI-3894 b,260.6192937,0.021,[Fe/H],0,0,0.41896,1,6000
WASP-68 b,343.2564,0.22,[Fe/H],0,0,0.505,1,5910
HAT-P-56 b,734.1873,0,[Fe/H],0,0,0.55274,1,6566
WASP-79 b,270.154146,0.03,[Fe/H],0,0,0.66447,1,6600
HD 106515 A b,6006.956892,0.03,[Fe/H],0,0,-0.16368,1,5362
TOI-3785 b,14.95,0.099,[Fe/H],0,0,-1.43533,1,3576
HATS-13 b,172.58169,0.05,[Fe/H],0,0,-0.32121,1,5523
WASP-47 e,9,0.43,[Fe/H],0,0,0.03167,4,5565
TOI-4379 b,353.743017,0.16,[Fe/H],0,0,0.63749,1,6020
TOI-4582 b,168.4490557,0.17,[Fe/H],0,0,0.612,1,5190
TOI-5153 b,1036.120607,0.12,[Fe/H],0,0,0.46423,1,6300
HATS-67 b,460.8535,0.332,[Fe/H],0,0,0.54654,1,6594
TOI-4145 A b,136.666215,0.168,[Fe/H],0,0,-0.28735,1,5281
TOI-1269 b,6.4,-0.049,[Fe/H],0,0,-0.21968,2,5499
WASP-178 b,527.5978,0.21,[Fe/H],0,0,1.21484,1,9360
HD 25463 b,8.7,-0.018,[Fe/H],0,0,0.47276,2,6353
HD 73583 b,10.2,0,[Fe/H],0,0,-0.74425,2,4511
HD 73583 c,9.7,0,[Fe/H],0,0,-0.74425,2,4511
K2-232 b,126.49634,0.1,[Fe/H],0,0,0.23805,1,6154
WASP-42 b,167.49641,0.29,[Fe/H],0,0,-0.36094,1,5315
TOI-1775 b,96,0.162,[Fe/H],0,0,-0.31605,1,5284
TOI-2796 b,139.8444991,0.239,[Fe/H],0,0,0.05538,1,5764
TOI-2136 b,6.37,0.03,[Fe/H],0,0,-1.88606,1,3342
HATS-31 b,279.6904,0,[Fe/H],0,0,0.61909,1,6050
Wolf 503 b,6.26,-0.47,[Fe/H],0,0,-0.67572,1,4716
TOI-1670 c,200.2318964,0.09,[Fe/H],0,0,0.40046,2,6170
WASP-123 b,285.72917,0.18,[Fe/H],0,0,0.16234,1,5740
EPIC 246851721 b,953.49,0.141,[Fe/H],0,0,0.52634,1,6202
TOI-1268 b,96.4,0.36,[Fe/H],0,0,-0.28785,1,5300
TOI-6130 b,333.7198274,0.28,[Fe/H],0,0,0.4609,1,6110
TRAPPIST-1 c,1.308,0.052,[Fe/H],0,0,-3.25727,7,2566
TRAPPIST-1 f,1.039,0.052,[Fe/H],0,0,-3.25727,7,2566
K2-34 b,539.67534,0.01,[Fe/H],0,0,0.3997,1,6168
WASP-184 b,181.1631,0.12,[Fe/H],0,0,0.50133,1,6000
TOI-3976 A b,55.61997123,0.182,[Fe/H],0,0,0.41296,1,5975
TOI-451 c,3.7,0.02,[Fe/H],0,0,-0.22915,3,5490
TOI-451 d,10.2,0.02,[Fe/H],0,0,-0.22915,3,5490
PDS 70 c,2383.713053,-0.11,[Fe/H],0,0,-0.45593,2,4109
WASP-171 b,344.52772,0.04,[Fe/H],0,0,0.67172,1,5965
HATS-42 b,597.5204,0.22,[Fe/H],0,0,0.42488,1,6060
WASP-151 b,100.4337766,0.1,[Fe/H],0,0,0.14485,1,5871
HD 168443 c,5500.338412,0.04,[Fe/H],0,0,0.38246,2,5491
HIP 8541 b,2451.728332,-0.19,[Fe/H],0,0,1.31,2,4672
WASP-130 b,390.9309,0.26,[Fe/H],0,0,-0.03215,1,5625
Kepler-289 b,3.7,0.05,[Fe/H],0,0,0.061,4,5990
HIP 56640 b,2151.698315,-0.03,[Fe/H],0,0,1.05,1,4769
HD 181234 b,2980.912629,0.32,[Fe/H],0,0,-0.09853,1,5386
KOI-94 c,15.6,0.0228,[Fe/H],0,0,0.479,4,6182
TOI-3629 b,82.63538582,0.4,[Fe/H],0,0,-1.12494,1,3870
HD 169830 c,2437.426053,0.21,[Fe/H],0,0,0.662,2,6300
GJ 3929 b,1.75,-0.02,[Fe/H],0,0,-1.96257,2,3384
KOINTREAU-1 b,3368.981114,-0.15,[Fe/H],0,0,,1,3551
WASP-29 b,73.1009,0.11,[Fe/H],0,0,-0.52509,1,4800
HD 221416 b,60.5,-0.08,[Fe/H],0,0,0.71181,1,5080
Kepler-385 b,12.8,0.01,[Fe/H],0,0,0.14374,3,6326
HIP 41378 b,9.06,0.046,[Fe/H],0,0,0.39646,6,6371
Kepler-462 c,6,0.05,[Fe/H],0,0,0.92588,2,7500
Kepler-177 c,14.7,-0.11,[Fe/H],0,0,0.24,2,5732
HATS-25 b,194.82979,0.02,[Fe/H],0,0,0.06819,1,5715
Kepler-15 b,209.76,0.36,[Fe/H],0,0,-0.087,1,5515
Kepler-83 d,4.1,-0.2,[Fe/H],0,0,-1.10237,3,4648
HD 68475 b,1639.99458,0.07,[Fe/H],0,0,-0.44562,1,5022
TrES-3 b,607.03,-0.19,[Fe/H],0,0,-0.20412,1,5650
HD 23472 c,3.41,-0.2,[Fe/H],0,0,-0.62525,5,4684
WASP-105 b,572.094,0.28,[Fe/H],0,0,-0.02427,1,5070
WASP-91 b,425.8922,0.19,[Fe/H],0,0,-0.3827,1,4920
HD 62364 c,7923.462187,-0.11,[Fe/H],0,0,0.43297,2,6255
WASP-113 b,150.96925,0.1,[Fe/H],0,0,0.51621,1,5890
Kepler-39 b,6388.1,0.1,[Fe/H],0,0,0.34593,1,6350
KELT-10 b,215.80657,0.09,[Fe/H],0,0,0.21748,1,5948
WASP-119 b,390.9309,0.14,[Fe/H],0,0,0.07465,1,5650
WASP-69 b,82.58,0.35,[Fe/H],0,0,-0.48149,1,4792
WASP-94 A b,158.915,0.26,[Fe/H],0,0,0.50992,2,6170
HD 23472 d,0.55,-0.2,[Fe/H],0,0,-0.62525,5,4684
HD 23472 f,0.77,-0.2,[Fe/H],0,0,-0.62525,5,4684
Kepler-94 c,3126,0.34,[Fe/H],0,0,-0.61348,2,4781
HATS-28 b,213.58176,0.01,[Fe/H],0,0,-0.15739,1,5498
HATS-29 b,207.54299,0.16,[Fe/H],0,0,0.02938,1,5670
WASP-54 b,187.5197,-0.27,[Fe/H],0,0,0.57477,1,6100
HD 63935 b,10.5,0.107,[Fe/H],0,0,-0.11464,2,5513
TOI-1820 b,731.0053361,0.14,[Fe/H],0,0,0.29432,1,5734
TOI-2158 b,260.6192937,0.47,[Fe/H],0,0,0.2308,1,5673
HATS-15 b,689.6911,0,[Fe/H],0,0,-0.20412,1,5311
TOI-2128 b,4.5,-0.07,[Fe/H],0,0,0.15625,1,5968
MASCARA-1 b,1175.971,0.15,[Fe/H],0,0,1.08279,1,7490
Kepler-14 b,2669.66,0.12,[Fe/H],0,0,0.799,1,6395
K2-24 c,15.4,0.34,[Fe/H],0,0,0.15836,2,5625
WASP-129 b,317.83,0.15,[Fe/H],0,0,0.11182,1,5900
WASP-124 b,190.698,-0.02,[Fe/H],0,0,0.14934,1,6050
Kepler-85 c,2.15,0.12,[Fe/H],0,0,-0.2123,4,5505.2
KELT-9 b,915.3504,-0.03,[Fe/H],0,0,1.72428,1,10170
HIP 21152 b,7627.881768,0.13,[Fe/H],0,0,0.63565,1,6655
TOI-1260 b,8.56,-0.1,[Fe/H],0,0,-0.88941,3,4227
WASP-139 b,37.18611,0.2,[Fe/H],0,0,-0.34535,1,5310
WASP-142 b,266.9772,0.26,[Fe/H],0,0,0.51325,1,6010
TOI-1260 d,11.84,-0.1,[Fe/H],0,0,-0.88941,3,4227
TOI-1260 c,13.2,-0.1,[Fe/H],0,0,-0.88941,3,4227
TOI-969 b,9.1,0.175,[Fe/H],0,0,-0.70042,2,4435
WASP-138 b,387.7526,-0.09,[Fe/H],0,0,0.43503,1,6272
Qatar-3 b,1369.8473,-0.041,[Fe/H],0,0,0.27875,1,6007
HD 114082 b,2542.627256,0,[Fe/H],0,0,0.5832,1,6651
WASP-53 b,677.61356,0.22,[Fe/H],0,0,-0.46344,2,4953
HATS-34 b,299.07803,0.25,[Fe/H],0,0,-0.14026,1,5380
HATS-35 b,388.38826,0.21,[Fe/H],0,0,0.46538,1,6300
WASP-81 b,231.69807,-0.36,[Fe/H],0,0,0.24551,1,5870
K2-38 b,7.3,0.26,[Fe/H],0,0,0.03743,2,5731
K2-38 c,8.3,0.26,[Fe/H],0,0,0.03743,2,5731
KELT-1 b,8654.15,0.052,[Fe/H],0,0,0.545,1,6516
WASP-153 b,123.9537,0.34,[Fe/H],0,0,0.45958,1,5914
HAT-P-31 b,721.4741,0.15,[Fe/H],0,0,0.43315,1,6065
KELT-16 b,874.0325,-0.002,[Fe/H],0,0,0.4014,1,6236
TOI-2525 b,26.69758619,0.14,[Fe/H],0,0,-0.44009,2,5096
NGTS-23 b,194.8288135,-0.26,[Fe/H],0,0,0.2833,1,6057
TOI-669 b,10,0.001,[Fe/H],0,0,-0.06248,1,5597
TOI-1695 b,6.36,0,[Fe/H],0,0,-1.3536,1,3690
TOI-3235 b,211.3558907,0.264,[Fe/H],0,0,-1.78968,1,3388.8
Kepler-48 c,14.61,0.17,[Fe/H],0,0,-0.28926,5,5194
XO-2 N b,199.91507,0.37,[Fe/H],0,0,-0.08823,4,5290
Kepler-138 e,0.43,-0.18,[Fe/H],0,0,-1.25181,4,3841
V1298 Tau b,13.1,0.1,[Fe/H],0,0,-0.02045,4,4970
Kepler-138 c,2.3,-0.18,[Fe/H],0,0,-1.25181,4,3841
Kepler-138 b,0.07,-0.18,[Fe/H],0,0,-1.25181,4,3841
KOINTREAU-3 b,1080.616584,-0.05,[Fe/H],0,0,-1.18009,1,3920
WASP-78 b,352.7913,-0.35,[Fe/H],0,0,0.76274,1,6100
WASP-39 b,89.31023,0.01,[Fe/H],0,0,-0.12792,1,5485
WASP-36 b,750.39663,-0.26,[Fe/H],0,0,0.00087,1,5959
HD 191939 d,2.8,-0.15,[Fe/H],0,0,-0.18709,6,5348
Kepler-12 b,137.30256,0.07,[Fe/H],0,0,0.44933,1,5947
HAT-P-24 b,238.3725,-0.16,[Fe/H],0,0,0.408,1,6373
Kepler-539 b,308.2951,-0.01,[Fe/H],0,0,-0.06048,2,5820
WASP-189 b,632.4785299,0.29,[Fe/H],0,0,1.31471,1,8000
Ross 176 b,4.57,-0.19,[Fe/H],0,0,-1.10891,1,4041
TOI-5422 b,8899.195396,-0.012,[Fe/H],0,0,0.35218,1,5820
Kepler-5 b,670.93913,0.04,[Fe/H],0,0,0.65242,1,6297
HAT-P-2 c,3400.763955,0.12,[Fe/H],0,0,0.577,2,6412
HATS-41 b,3082.951,0.47,[Fe/H],0,0,0.65321,1,6424
TOI-4406 b,95.3485221,0.1,[Fe/H],0,0,0.36173,1,6219
TOI-2589 b,1112.399425,0.12,[Fe/H],0,0,-0.00436,1,5579
HAT-P-29 b,279.6904,0.21,[Fe/H],0,0,0.31175,1,6087
TOI-4603 b,4096.808166,0.342,[Fe/H],0,0,1.01703,1,6264
TOI-1811 b,308.9292116,0.306,[Fe/H],0,0,-0.56019,1,4766
TOI-2025 b,1144.182265,0.15,[Fe/H],0,0,0.38739,1,5977
TOI-2152 A b,899.4543918,0.282,[Fe/H],0,0,0.65321,1,6630
TOI-2497 b,1531.932922,0.094,[Fe/H],0,0,1.16732,1,7360
TIC 279401253 b,1951.466419,0.2,[Fe/H],0,0,0.09691,2,5951
WASP-103 b,473.547,0.06,[Fe/H],0,0,0.413,1,6110
WASP-73 b,908.9938,0.14,[Fe/H],0,0,0.79502,1,6030
HATS-44 b,177.9848,0.32,[Fe/H],0,0,-0.39794,1,5080
HATS-45 b,222.481,0.02,[Fe/H],0,0,0.42488,1,6450
K2-141 b,4.97,0,[Fe/H],0,0,-0.75,2,4570
WASP-61 b,851.7844,-0.1,[Fe/H],0,0,0.42541,1,6250
HD 80606 b,1323.46927,0.35,[Fe/H],0,0,-0.00237,1,5565
HAT-P-6 b,419.5356,-0.13,[Fe/H],0,0,0.55267,1,6570
HATS-46 b,54.98459,-0.06,[Fe/H],0,0,-0.22988,1,5495
HATS-7 b,38.1396,0.25,[Fe/H],0,0,-0.43415,1,4985
Kepler-102 e,4.7,0.11,[Fe/H],0,0,-0.58436,5,4909
HAT-P-15 b,616.5902,0.22,[Fe/H],0,0,0.03019,1,5568
Kepler-78 b,1.68,-0.18,[Fe/H],0,0,-0.49785,1,5058
WASP-58 b,308.2951,-0.45,[Fe/H],0,0,0.16,1,5800
TOI-733 b,5.72,-0.04,[Fe/H],0,0,-0.08619,1,5585
HAT-P-23 b,664.237,0.15,[Fe/H],0,0,0.199,1,5905
HAT-P-57 b,448.1403,-0.25,[Fe/H],0,0,0.80618,1,6330
KELT-15 b,416.3573,0.05,[Fe/H],0,0,0.41162,1,6003
HD 114386 b,464.0294742,-0.05,[Fe/H],0,0,-0.54,2,4836
Kepler-20 c,11.1,0.07,[Fe/H],0,0,-0.16451,6,5495
WASP-71 b,441.7837,0.15,[Fe/H],0,0,0.76845,1,6050
HD 15337 c,6.792,0.03,[Fe/H],0,0,-0.32606,2,5131
Kepler-68 d,267,0.11,[Fe/H],0,0,0.23106,4,5847
HD 80653 b,5.72,0.255,[Fe/H],0,0,0.24,2,5959
HD 3167 c,11.13,0.04,[Fe/H],0,0,-0.27003,4,5261
HD 3167 b,4.97,0.04,[Fe/H],0,0,-0.27003,4,5261
HAT-P-49 b,699.226,0.07,[Fe/H],0,0,0.814,1,6820
HATS-12 b,759.6137,-0.1,[Fe/H],0,0,0.86332,1,6357
EPIC 211945201 b,11,0.1,[Fe/H],0,0,0.37334,1,6069
K2-108 b,59.4,0.36,[Fe/H],0,0,0.40539,1,5599
Kepler-107 e,14.1,0.321,[Fe/H],0,0,0.36449,4,5854
Kepler-68 b,8.03,0.11,[Fe/H],0,0,0.23106,4,5847
HD 89345 b,34.9613,0.421,[Fe/H],0,0,0.42488,1,5576
WASP-18 b,3241.849751,0.107,[Fe/H],0,0,0.42813,2,6432
Kepler-323 c,6.8,-0.14,[Fe/H],0,0,0.15091,2,6004
HATS-9 b,266.02371,0.38,[Fe/H],0,0,0.3118,1,5599
WASP-147 b,87.40325,0.092,[Fe/H],0,0,0.28685,1,5702
Kepler-189 c,22.7,-0.04,[Fe/H],0,0,-0.44774,2,5235
TOI-159 b,1110,0.3,[Fe/H],0,0,0.82217,1,7287
TOI-4465 b,1872.009317,-0.06,[Fe/H],0,0,-0.07267,1,5545
Kepler-107 c,10,0.321,[Fe/H],0,0,0.36449,4,5854
K2-266 d,8.9,-0.12,[Fe/H],0,0,-0.82333,4,4285
K2-266 e,14.3,-0.12,[Fe/H],0,0,-0.82333,4,4285
Kepler-122 e,27.7,-0.08,[Fe/H],0,0,0.26993,5,6050
NGTS-3 A b,756.4354,0.12,[Fe/H],0,0,-0.144,1,5600
K2-238 b,273.3338,0.34,[Fe/H],0,0,0.36,1,5630
WASP-106 b,613.4088255,-0.02,[Fe/H],0,0,0.42198,1,6002
TrES-1 b,266.9772,0.02,[Fe/H],0,0,-0.30071,1,5230
Qatar-1 b,411.27202,0.171,[Fe/H],0,0,-0.43771,1,5013
HATS-64 b,305.1168,0.22,[Fe/H],0,0,0.86747,1,6554
HATS-65 b,260.93843,0.199,[Fe/H],0,0,0.37658,1,6277
HATS-60 b,210.40346,0.335,[Fe/H],0,0,0.30016,1,5688
WASP-165 b,209.13214,0.33,[Fe/H],0,0,0.42831,1,5599
HATS-59 b,256.17098,0.18,[Fe/H],0,0,-0.00436,2,5670
TOI-172 b,1722.6386,0.148,[Fe/H],0,0,0.4609,1,5645
K2-85 b,3.2,0.14,[Fe/H],0,0,-0.81171,1,4232
Kepler-8 b,187.5197,-0.055,[Fe/H],0,0,0.605,1,6213
K2-291 b,6.49,0.08,[Fe/H],0,0,-0.16622,1,5520
HATS-69 b,183.38791,0.377,[Fe/H],0,0,-0.31758,1,5137
HATS-68 b,410.0007,0.21,[Fe/H],0,0,0.59218,1,6147
WASP-161 b,791.3967,0.16,[Fe/H],0,0,0.64738,1,6400
HATS-70 b,4100.007,0.041,[Fe/H],0,0,1.07918,1,7930
Kepler-538 b,12.9,-0.09,[Fe/H],0,0,-0.17887,1,5534
Kepler-281 d,654,0,[Fe/H],0,0,0.14638,3,5717
HD 1397 b,131.89945,0.29,[Fe/H],0,0,0.65992,1,5521
K2-285 b,9.68,0,[Fe/H],0,0,-0.42183,4,4975
WASP-140 b,775.5052,0.12,[Fe/H],0,0,-0.29437,1,5300
K2-18 b,8.92,0.12,[Fe/H],0,0,-1.59688,2,3457
HAT-P-14 b,1093.3352,0.11,[Fe/H],0,0,0.64412,1,6600
WASP-164 b,676.9779,-0.01,[Fe/H],0,0,-0.06732,1,5806
K2-110 b,15.9,-0.34,[Fe/H],0,0,-0.56708,1,5010
HD 2685 b,371.8611,0.02,[Fe/H],0,0,0.66839,1,6801
Kepler-25 b,8.7,0.11,[Fe/H],0,0,0.4216,3,6354
KELT-23 A b,298.12454,-0.105,[Fe/H],0,0,0.03383,1,5899
TOI-1416 b,3.48,0.08,[Fe/H],0,0,-0.46008,1,4884
TOI-2498 b,34.62,0.167,[Fe/H],0,0,0.27089,1,5905
HATS-24 b,718.2958,-0.229,[Fe/H],0,0,0.19,1,6125
HAT-P-9 b,238.05467,0.12,[Fe/H],0,0,0.4183,1,6350
HAT-P-36 b,587.413406,0.25,[Fe/H],0,0,0.02243,1,5620
TOI-2000 c,81.7,0.439,[Fe/H],0,0,0.05956,2,5611
Kepler-203 c,749.9,0.08,[Fe/H],0,0,0.0937,3,5821
NGTS-5 b,72.78307,0.12,[Fe/H],0,0,-0.51087,1,4987
Qatar-9 b,378.2177,0.252,[Fe/H],0,0,-0.82102,1,4309
GJ 1061 c,1.81,-0.08,[Fe/H],0,0,-2.76955,3,2953
Kepler-49 c,8.38,0.03,[Fe/H],0,0,-1.13077,4,4095.6
Kepler-411 d,15.2,0.21,[Fe/H],0,0,-0.57899,4,4974
Kepler-411 c,26.4,0.21,[Fe/H],0,0,-0.57899,4,4974
K2-295 b,106.47305,0.14,[Fe/H],0,0,-0.71623,1,4444
HATS-18 b,629.144485,0.28,[Fe/H],0,0,-0.03152,1,5600
Kepler-25 c,15.2,0.11,[Fe/H],0,0,0.4216,3,6354
HD 175167 b,4703.860424,0.28,[Fe/H],0,0,0.45593,1,5635
WASP-181 b,95.03117,0.09,[Fe/H],0,0,0.04879,1,5839
WASP-84 c,15.2,0,[Fe/H],0,0,-0.325,2,5280
HAT-P-70 b,2154.8874,-0.059,[Fe/H],0,0,1.22272,1,8450
Kepler-176 c,1.33,0.13,[Fe/H],0,0,-0.40427,4,5232
WASP-169 b,178.30263,0.06,[Fe/H],0,0,0.78882,1,6110
K2-3 c,2.68,-0.157,[Fe/H],0,0,-1.23136,3,3844
K2-3 b,5.11,-0.157,[Fe/H],0,0,-1.23136,3,3844
TOI-163 b,387.7526,0.22,[Fe/H],0,0,0.63649,1,6495
NGTS-8 b,295.5819,0.24,[Fe/H],0,0,-0.20993,1,5241
HD 219134 c,4.36,0.11,[Fe/H],0,0,-0.57741,6,4699
TOI-2000 b,11,0.439,[Fe/H],0,0,0.05956,2,5611
HD 62364 b,5965.639199,-0.11,[Fe/H],0,0,0.43297,2,6255
Kepler-111 c,222.4798849,0.237,[Fe/H],0,0,0.15836,2,5914
HIP 41378 e,12,-0.1,[Fe/H],0,0,0.39646,6,6320
WASP-175 b,314.6517,0.15,[Fe/H],0,0,0.78882,1,6229
WASP-182 b,47.03884,0.27,[Fe/H],0,0,0.15545,1,5638
HATS-47 b,117.27927,-0.113,[Fe/H],0,0,-0.79615,1,4512
TOI-1052 b,16.9,0.14,[Fe/H],0,0,0.38373,2,6146
HATS-48 A b,77.23269,0.186,[Fe/H],0,0,-0.70885,1,4546
HATS-49 b,112.19399,0.208,[Fe/H],0,0,-0.78489,1,4405
HATS-72 b,39.855882,0.099,[Fe/H],0,0,-0.65896,1,4656.1
TOI-169 b,251.40353,0.24,[Fe/H],0,0,0.25261,1,5880
HD 216437 b,1334.879309,0.2,[Fe/H],0,0,0.35,1,5909
HD 28254 b,1207.747947,0.06,[Fe/H],0,0,0.34,1,5664
NGTS-9 b,921.707,0.31,[Fe/H],0,0,0.38944,1,6330
Qatar-6 b,212.31044,-0.025,[Fe/H],0,0,-0.51428,1,5052
HD 213885 b,8.83,-0.04,[Fe/H],0,0,0.13862,2,5978
NGTS-11 b,109.33352,0.22,[Fe/H],0,0,-0.39518,1,5050
CoRoT-10 b,874,0.26,[Fe/H],0,0,-0.72608,1,5075
TOI-4201 b,788.2144494,0.52,[Fe/H],0,0,-1.11919,1,3794
HD 44219 b,184.3404761,0.03,[Fe/H],0,0,0.26,1,5752
HIP 65 A b,1021.18779,0.18,[Fe/H],0,0,-0.67799,1,4590
GJ 832 b,314.6501229,-0.3,[Fe/H],0,0,-1.585,1,3472
HIP 54597 b,762.7881768,-0.22,[Fe/H],0,0,-0.68194,1,4799
HD 73256 c,5085.254512,0.29,[Fe/H],0,0,-0.13198,1,5570
XO-7 b,225.34147,0.432,[Fe/H],0,0,0.43132,1,6250
WASP-176 b,271.74465,0.164,[Fe/H],0,0,0.61653,1,5941
Kepler-48 b,3.94,0.17,[Fe/H],0,0,-0.28926,5,5194
WASP-187 b,254.264,0,[Fe/H],0,0,0.96727,1,6150
nu Oph b,7057.73298,0.1,[Fe/H],0,0,1.89476,2,4887
HD 202206 c,5689.157,0.3,[Fe/H],0,0,0.03486,1,5766
TOI-954 b,55.30242,0.215,[Fe/H],0,0,0.53529,1,5710
LHS 1903 d,5.96,-0.11,[Fe/H],0,0,-1.32451,4,3664
Kepler-95 b,13,0.3,[Fe/H],0,0,0.28105,1,5699
HD 120084 b,2034.101805,0.1,[Fe/H],0,0,1.73783,1,4879
HD 14067 b,4862.774627,-0.1,[Fe/H],0,0,1.898,1,4815
Kepler-1514 b,1678.1424,0.119,[Fe/H],0,0,0.32838,2,6145
Kepler-129 c,43,0.29,[Fe/H],0,0,0.46365,3,5770
TOI-905 b,211.99261,0.14,[Fe/H],0,0,-0.13668,1,5570
TIC 237913194 b,617.22586,0.14,[Fe/H],0,0,0.07773,1,5788
NGTS-13 b,1538.2972,0.25,[Fe/H],0,0,0.5172,1,5819
TOI-1238 b,3.76,0.31,[Fe/H],0,0,-1.08249,2,4089
HATS-71 b,117.5971,0.17,[Fe/H],0,0,-1.55988,1,3405
HD 106315 c,15.2,-0.311,[Fe/H],0,0,0.39454,2,6327
HD 114783 c,603.8739733,0.21,[Fe/H],0,0,-0.3725,2,5135
HAT-P-62 b,241.8674177,0.414,[Fe/H],0,0,0.09061,1,5629
Kepler-170 b,82.6,0.39,[Fe/H],0,0,-0.05453,2,5679
Kepler-328 c,39.4,0.08,[Fe/H],0,0,0.44013,2,6064
K2-32 d,6.7,-0.06,[Fe/H],0,0,-0.29607,4,5271
K2-32 b,15,-0.06,[Fe/H],0,0,-0.29607,4,5271
K2-32 c,8.1,-0.06,[Fe/H],0,0,-0.29607,4,5271
K2-100 b,21.8,0.22,[Fe/H],0,0,0.24969,1,5945
TOI-1231 b,15.4,0.041,[Fe/H],0,0,-1.48678,1,3553
TOI-1062 b,10.15,0.14,[Fe/H],0,0,-0.27446,2,5328
PH2 b,87.08498352,0.017,[Fe/H],0,0,-0.05849,1,5734
TOI-257 b,43.86032017,0.175,[Fe/H],0,0,0.63649,1,6095
TOI-674 b,23.6,0.17,[Fe/H],0,0,-1.61439,1,3514
TOI-269 b,8.8,-0.29,[Fe/H],0,0,-1.64675,1,3514
TOI-628 b,2011.8639,0.258,[Fe/H],0,0,0.39445,1,6250
HAT-P-58 b,118.2321674,-0.224,[Fe/H],0,0,0.45637,1,6078
HAT-P-59 b,489.4557468,0.217,[Fe/H],0,0,0.05385,1,5678
TOI-199 c,88.99195396,0.22,[Fe/H],0,0,-0.33819,2,5255
HD 213240 b,1655.886,0.15,[Fe/H],0,0,0.42935,1,5979
TOI-5398 b,58.7,0.09,[Fe/H],0,0,0.11725,2,6000
HAT-P-43 b,210.395,0.2,[Fe/H],0,0,0.05986,1,5693
HD 110067 f,5.04,-0.2,[Fe/H],0,0,-0.36224,6,5266
Kepler-245 c,26.7,0.12,[Fe/H],0,0,-0.39579,4,5100
TOI-2184 b,206.5884646,0.14,[Fe/H],0,0,0.98154,1,5966
14 Her b,2828.672822,0.43,[Fe/H],0,0,-0.15273,2,5338
HD 110067 b,5.69,-0.2,[Fe/H],0,0,-0.36224,6,5266
Kepler-97 b,3.51,-0.2,[Fe/H],0,0,-0.02505,2,5779
TOI-2134 b,9.13,0.12,[Fe/H],0,0,-0.7167,2,4580
TOI-2134 c,41.89,0.12,[Fe/H],0,0,-0.7167,2,4580
Kepler-307 b,7.44,0.19,[Fe/H],0,0,-0.12151,2,5367
HATS-75 b,156.0537478,0.522,[Fe/H],0,0,-1.19661,1,3790.4
HAT-P-55 b,189.4257306,0.003,[Fe/H],0,0,0.09656,1,5804
HAT-P-51 b,97.57332095,0.302,[Fe/H],0,0,-0.10237,1,5453
TIC 172900988 b,942,0.34,[Fe/H],0,0,0.67103,1,6050
HD 112570 b,1086.973152,-0.4,[Fe/H],0,0,1.6466,1,4750
GPX-1 b,6261.219618,0.35,[Fe/H],0,0,0.72673,1,7000
TOI-559 b,1910.148726,-0.069,[Fe/H],0,0,0.22737,1,5925
TOI-530 b,127.1313628,0.376,[Fe/H],0,0,-1.3098,1,3659
HD 154391 b,2892.238504,0.1,[Fe/H],0,0,1.58115,1,4909
TOI-1431 b,991.6246298,0.09,[Fe/H],0,0,1.06819,1,7690
WASP-76 b,284.1385959,0.366,[Fe/H],0,0,0.65418,1,6329
WASP-95 b,457.6752,0.14,[Fe/H],0,0,0.17781,1,5830
TOI-4551 b,473.5643264,0.23,[Fe/H],0,0,0.80277,1,4896
HD 219666 b,17.6,0.04,[Fe/H],0,0,-0.0278,1,5540
Kepler-139 e,378,0.35,[Fe/H],0,0,0.01598,5,5622
HD 88986 b,17.2,0.06,[Fe/H],0,0,0.3934,1,5861
TOI-4377 b,304.1617855,0.205,[Fe/H],0,0,0.82217,1,4974
HD 219134 b,4.74,0.11,[Fe/H],0,0,-0.57741,6,4699
HATS-2 b,435.4249176,0.15,[Fe/H],0,0,-0.268,1,5227
TOI-1136 d,8.35,0.07,[Fe/H],0,0,-0.02687,6,5770
GJ 9827 b,4.28,-0.29,[Fe/H],0,0,-1.00436,3,4236
TOI-1136 f,9.7,0.07,[Fe/H],0,0,-0.02687,6,5770
TOI-2337 b,508.5254512,0.39,[Fe/H],0,0,0.689,1,4780
TOI-4329 b,143.0227832,0.29,[Fe/H],0,0,0.79931,1,6000
LTT 1445 A c,1.54,-0.34,[Fe/H],0,0,-2.04591,2,3340
HAT-P-41 b,378.2177,0.21,[Fe/H],0,0,0.628,1,6390
Kepler-120 b,8.5,-0.12,[Fe/H],0,0,-0.67701,2,4096
TOI-2447 b,124.906564,0.18,[Fe/H],0,0,0.04891,1,5730
Kepler-9 b,43.4,0.05,[Fe/H],0,0,-0.038,3,5774
Kepler-406 c,2.71,0.18,[Fe/H],0,0,0.0482,2,5538
TOI-2669 b,193.8753283,0.1,[Fe/H],0,0,0.906,1,4800
TOI-1136 b,3.5,0.07,[Fe/H],0,0,-0.02687,6,5770
HAT-P-65 b,176.0769375,0.208,[Fe/H],0,0,0.47276,1,5872
TOI-1273 b,70.55790635,0.07,[Fe/H],0,0,0.02938,1,5690
TOI-1199 b,75.96098927,0.44,[Fe/H],0,0,0.30428,1,5710
Kepler-60 d,4.16,-0.09,[Fe/H],0,0,0.36906,3,5905
TOI-4438 b,5.4,-0.19,[Fe/H],0,0,-1.76802,1,3422
TOI-757 b,10.5,-0.27,[Fe/H],0,0,-0.37675,1,5278
TOI-2714 b,228,0.3,[Fe/H],0,0,0.16017,1,5665
TOI-1408 c,7.6,0.25,[Fe/H],0,0,0.47129,2,6117
TOI-1408 b,593,0.25,[Fe/H],0,0,0.47129,2,6117
TOI-1437 b,9.6,-0.4924,[Fe/H],0,0,0.28466,1,6008
TOI-1751 b,19.5,-0.373,[Fe/H],0,0,0.29732,1,5970
TOI-1694 b,31.3,0.131,[Fe/H],0,0,-0.41794,2,5058
TOI-3261 b,30.3,0.138,[Fe/H],0,0,-0.36653,1,5068
HIP 116454 b,9.7,0,[Fe/H],0,0,-0.47314,1,5048
TIC 46432937 b,1017.050902,0.323,[Fe/H],0,0,-1.3851,1,3572
TOI-1807 b,2.44,0.044,[Fe/H],0,0,-0.53313,1,4914
HD 77946 b,10.9,0.215,[Fe/H],0,0,0.30878,1,6007
TOI-1181 b,374.7196919,0.38,[Fe/H],0,0,0.64246,1,6054
TOI-1246 c,9.1,0.168,[Fe/H],0,0,-0.30103,4,5213
HD 68402 b,2510.844415,0.29,[Fe/H],0,0,0.06819,1,5950
TOI-469.01,9.1,0.24,[Fe/H],0,0,-0.14921,3,5289
K2-25 b,24.5,0.15,[Fe/H],0,0,-2.08831,1,3207
TOI-6034 b,254,-0.09,[Fe/H],0,0,-1.4034,1,3635
TOI-1710 b,22.4,0.147,[Fe/H],0,0,-0.06349,1,5684
TOI-1736 c,2800,0.148,[Fe/H],0,0,0.27068,2,5636
TOI-1272 b,27,0.182,[Fe/H],0,0,-0.42597,2,5065
HD 93963 A b,2.8,0.11,[Fe/H],0,0,0.06781,2,5908
TIC 393818343 b,1379.375286,0.318,[Fe/H],0,0,0.06744,1,5756
Kepler-282 e,56.2,-0.2,[Fe/H],0,0,0.10587,4,5656
HD 93963 A c,18.4,0.11,[Fe/H],0,0,0.06781,2,5908
BD-14 3065 b,3932,-0.34,[Fe/H],0,0,1.06,1,6935
TOI-3071 b,68.2,0.35,[Fe/H],0,0,0.41667,1,6177
TOI-1386 b,45.8,0.149,[Fe/H],0,0,0.0103,2,5735
HD 135694 b,6.1,-0.121,[Fe/H],0,0,0.03941,1,5712
WASP-148 b,91.21675281,0.099,[Fe/H],0,0,-0.13906,2,5555
K2-99 b,276.5107141,0.2,[Fe/H],0,0,0.89927,2,6069
TOI-3757 b,85.3,0,[Fe/H],0,0,-1.06048,1,3913
TOI-3568 b,26.4,-0.01,[Fe/H],0,0,0.33,1,4969
AU Mic d,1.053,0.23,[Fe/H],0,0,-1.0381,4,3678
TOI-1798.02,5.6,0.073,[Fe/H],0,0,-0.41567,2,5165
TOI-1798.01,6.5,0.073,[Fe/H],0,0,-0.41567,2,5165
TOI-2570 b,260.6192937,0.191,[Fe/H],0,0,0.07882,1,5771
Kepler-183 c,35.7,0.11,[Fe/H],0,0,0.026,2,5888
Kepler-131 b,16.13,0.12,[Fe/H],0,0,0.02191,2,5685
TOI-2458 b,13.31,-0.1,[Fe/H],0,0,0.34128,2,6005
TOI-3693 b,324.1849751,0.071,[Fe/H],0,0,-0.3439,1,5321
WASP-72 b,731.009,-0.06,[Fe/H],0,0,0.724,1,6250
WASP-99 b,772.3269,0.21,[Fe/H],0,0,0.5433,1,6150
TOI-2193 A b,298.7587026,0.027,[Fe/H],0,0,0.25018,1,5966
TOI-2207 b,203.4101805,0.181,[Fe/H],0,0,0.4843,1,6101
TOI-260 b,4.23,-0.47,[Fe/H],0,0,-1.05899,1,4026
L 168-9 b,4.07,-0.03,[Fe/H],0,0,-1.14086,1,3842
K2-167 b,6.5,-0.456,[Fe/H],0,0,0.50651,1,6310
HR 8799 e,3178.3,-0.5,[Fe/H],0,0,0.73347,4,7400
NGTS-2 b,235.1942,-0.06,[Fe/H],0,0,0.63077,1,6478
TOI-1184 b,6.8,0.017,[Fe/H],0,0,-0.70115,1,4534
TOI-5005 b,32.7,0.15,[Fe/H],0,0,-0.00451,1,5749
TOI-2421 b,105.8368595,0.19,[Fe/H],0,0,0.436,1,5607
TOI-5076 b,16.14568308,0.082,[Fe/H],0,0,-0.47366,1,4780
TOI-1453 c,2.95,-0.31,[Fe/H],0,0,-0.57539,2,4975
TOI-4504 d,450.2357214,0.16,[Fe/H],0,0,-0.20761,3,5315
TOI-4137 b,457.6729061,0.182,[Fe/H],0,0,0.43933,1,6202
TOI-512 b,3.57,-0.11,[Fe/H],0,0,-0.25696,1,5277
HD 73344 d,810.4624379,0.16,[Fe/H],0,0,0.26184,3,6148
TOI-561 d,13.33,-0.41,[Fe/H],0,0,-0.28233,4,5342
WASP-132 c,6.26,0.15,[Fe/H],0,0,-0.57512,3,4686
TOI-2364 b,71.51139158,0.344,[Fe/H],0,0,-0.25181,1,5306
TOI-4994 b,88.99195396,0.165,[Fe/H],0,0,0.0086,1,5640
TOI-2842 b,117.5965106,0.233,[Fe/H],0,0,0.24551,1,5910
TOI-2977 b,533.9517238,0.013,[Fe/H],0,0,0.03703,1,5691
TOI-2583 A b,79.45710175,0.158,[Fe/H],0,0,0.38828,1,5936
TOI-3023 b,197.0536123,0.085,[Fe/H],0,0,0.44404,1,5760
LHS 1903 c,4.55,-0.11,[Fe/H],0,0,-1.32451,4,3664
TOI-2587 A b,69.28659273,0.13,[Fe/H],0,0,0.47129,1,5760
TOI-3912 b,129.0383332,0.187,[Fe/H],0,0,0.27323,1,5725
TOI-2818 b,225.658169,-0.02,[Fe/H],0,0,0.16435,1,5721
TOI-2537 b,415.401728,0.08,[Fe/H],0,0,-0.52143,2,4870
WASP-149 b,314.9679513,0,[Fe/H],0,0,0.04343,1,5750
TOI-3493 b,8.97,0.03,[Fe/H],0,0,0.19294,1,5844
TOI-3807 b,330.5415433,0.278,[Fe/H],0,0,0.33244,1,5772
TOI-4463 A b,252.3557552,0.25,[Fe/H],0,0,0.01115,1,5640
WASP-116 b,203.4101805,0,[Fe/H],0,0,0.49624,1,6250
WASP-188 b,458.6263913,0,[Fe/H],0,0,0.74277,1,6850
TOI-771 b,2.47,-0.13,[Fe/H],0,0,-2.20343,2,3370
Kepler-106 e,11.17,-0.12,[Fe/H],0,0,0.08255,4,5858
TOI-1266 c,3.17,-0.109,[Fe/H],0,0,-1.58021,3,3563
TOI-1266 d,3.68,-0.109,[Fe/H],0,0,-1.58021,3,3563
TOI-2015 b,9.2,-0.31,[Fe/H],0,0,-1.49214,2,3297
TOI-2015 c,8.91,-0.31,[Fe/H],0,0,-1.49214,2,3297
Kepler-128 c,3.38,-0.03,[Fe/H],0,0,0.57542,2,6072
Kepler-83 c,2.03,-0.2,[Fe/H],0,0,-1.10237,3,4082
TOI-2992 b,1058.368595,0.084,[Fe/H],0,0,0.4456,1,6000
TOI-3160 A b,378.2158043,-0.114,[Fe/H],0,0,0.3784,1,6190
HIP 67851 c,2204.775659,0.01,[Fe/H],0,0,1.16673,2,4840
TOI-6894 b,53.39517238,0.142,[Fe/H],0,0,-2.42597,1,3007
KOI-134 c,69.92224954,0.427,[Fe/H],0,0,0.62325,2,6160
TOI-3474 b,193.8753283,0.146,[Fe/H],0,0,0.26951,1,6020
OGLE-TR-56 b,441.77,0.25,[Fe/H],0,0,0.35,1,6050
KOI-134 b,346.4329636,0.427,[Fe/H],0,0,0.62325,2,6160
TOI-4791 b,734.1836202,0.207,[Fe/H],0,0,0.38021,1,6058
WASP-80 b,170.99254,-0.13,[Fe/H],0,0,-1.03998,1,4143
TOI-5300 b,190.6970442,-0.17,[Fe/H],0,0,-0.76195,1,4610
TOI-2031 A b,254.2627256,-0.24,[Fe/H],0,0,0.39094,1,6490
TOI-5882 b,6995.403238,0.18,[Fe/H],0,0,0.75358,1,5920
TOI-2169 A b,329.5880581,0.123,[Fe/H],0,0,0.66558,1,6270
TOI-3682 b,69.28659273,0.416,[Fe/H],0,0,0.45788,1,5703
TOI-2346 b,394.1072247,-0.03,[Fe/H],0,0,0.48144,1,6480
Kepler-10 b,3.24,-0.15,[Fe/H],0,0,0.05467,3,5708
TOI-2886 b,444.9597698,0.284,[Fe/H],0,0,0.32222,1,6240
HD 35843 c,11.32,-0.27,[Fe/H],0,0,-0.12494,2,5666
TOI-5573 b,112,0.42,[Fe/H],0,0,-1.15927,1,3790
HATS-23 b,467.2101,0.28,[Fe/H],0,0,0.15534,1,5780
TOI-1468 b,3.04,-0.01,[Fe/H],0,0,-1.7921,2,3376
TOI-1468 c,4.1,-0.01,[Fe/H],0,0,-1.7921,2,3376
TOI-5800 b,9.5,-0.04,[Fe/H],0,0,-0.51004,1,4850
HD 224018 b,4.1,0.05,[Fe/H],0,0,0.12385,3,5784
TOI-4214 b,165.2707716,0.294,[Fe/H],0,0,0.48287,1,6370
TOI-5817 b,10.3,-0.24,[Fe/H],0,0,0.31175,1,5770
TOI-4734 b,61.65871096,0.288,[Fe/H],0,0,0.62428,1,6070
TOI-5181 A b,330.5415433,0.208,[Fe/H],0,0,0.45788,1,6060
HD 97658 b,8.3,-0.23,[Fe/H],0,0,-0.45469,1,5212
GJ 1252 b,1.32,0.1,[Fe/H],0,0,-1.70774,1,3458
nu Oct A b,696.0442113,0.18,[Fe/H],0,0,1.12057,1,4910
Kepler-324 c,6.2,0.18,[Fe/H],0,0,-0.30825,4,5194
Kepler-83 b,2.94,-0.2,[Fe/H],0,0,-1.10237,3,4082
TOI-270 d,4.2,-0.17,[Fe/H],0,0,-1.7122,3,3506
TOI-654.01,8.71,0.12,[Fe/H],0,0,-1.60906,1,3521
HD 235088 b,4.15,-0.02,[Fe/H],0,0,-0.4437,1,5075
TOI-5795 b,23.66,-0.27,[Fe/H],0,0,0.05308,1,5715
HD 136118 b,4164.187789,-0.05,[Fe/H],0,0,0.56868,1,6097
WASP-4 b,381.3940884,-0.05,[Fe/H],0,0,-0.17897,1,5436
TOI-5386 A b,155.1002626,0.182,[Fe/H],0,0,0.28488,1,6094
TOI-1438 b,9.4,0.03,[Fe/H],0,0,-0.34679,2,5230
TOI-3856 b,171.6273398,0.454,[Fe/H],0,0,0.00087,1,5622
TOI-3877 b,99.7981198,0.269,[Fe/H],0,0,0.3075,1,5731
TOI-3980 b,187.5187601,0.188,[Fe/H],0,0,0.44248,1,5840
TOI-622 b,96.30200732,0.09,[Fe/H],0,0,0.47407,1,6400
TOI-4010 b,11,0.37,[Fe/H],0,0,-0.3996,4,4960
HD 196067 b,3623.24384,0.213,[Fe/H],0,0,0.549,2,6072
TOI-283 b,6.54,-0.09,[Fe/H],0,0,-0.33724,1,5213
TOI-2641 b,122.6817651,-0.15,[Fe/H],0,0,0.34044,1,6100
TOI-2322 b,2.31,-0.12,[Fe/H],0,0,-0.74232,2,4664
Kepler-54 c,0.7,-0.27,[Fe/H],0,0,-1.30103,3,3705
TOI-5261 b,3651.848396,0.254,[Fe/H],0,0,0.02078,1,5790
TOI-5350 b,2094.489202,0.044,[Fe/H],0,0,0.33445,1,6220
TOI-1235 b,6.69,0.33,[Fe/H],0,0,-1.05404,1,3997
LHS 3844 b,2.37,0.22,[Fe/H],0,0,-2.56543,1,3080
TOI-6054.02,9.3,-0.07,[Fe/H],0,0,0.52244,2,6047
TOI-6054.01,12.5,-0.07,[Fe/H],0,0,0.52244,2,6047
Kepler-117 b,29.875,-0.04,[Fe/H],0,0,0.53776,2,6150
Kepler-103 b,11.67,0.15,[Fe/H],0,0,0.42431,2,6047
Kepler-103 c,58.47,0.15,[Fe/H],0,0,0.42431,2,6047
TOI-4010 c,20.31,0.37,[Fe/H],0,0,-0.3996,4,4960
TOI-2449 b,222,-0.03,[Fe/H],0,0,0.14808,1,6021
TOI-2345 c,7.27,-0.1,[Fe/H],0,0,-0.63639,2,4687
TOI-2141 b,20.1,-0.14,[Fe/H],0,0,-0.05,3,5635
TIC 257060897 b,201.50321,0.054,[Fe/H],0,0,0.60531,1,5993
K2-73 b,9.2,0.04,[Fe/H],0,0,0.07609,2,5867
HD 63433 c,15.539,-0.07,[Fe/H],0,0,-0.1261,3,5553
TOI-1685 b,3.07,0.01,[Fe/H],0,0,-1.51856,1,3470
BD+20 594 b,22.2481,-0.15,[Fe/H],0,0,-0.05552,1,5766
HD 72659 c,6165.871096,-0.02,[Fe/H],0,0,0.37397,2,5929
HD 152843 b,9.82,-0.16,[Fe/H],0,0,0.44992,2,6310
TOI-912 b,5.1,-0.19,[Fe/H],0,0,-1.59007,1,3572
HD 128717 b,6293.002459,0.16,[Fe/H],0,0,0.322,1,6210
HD 152843 c,9.67,-0.16,[Fe/H],0,0,0.44992,2,6310
HD 28109 b,6.2,0.1,[Fe/H],0,0,0.43297,3,6189
Kepler-87 c,6.4,-0.17,[Fe/H],0,0,0.32604,2,5600
TOI-1422 c,14,-0.028,[Fe/H],0,0,0.04766,2,5840
HD 72659 b,949.6712801,-0.02,[Fe/H],0,0,0.37397,2,5929
TOI-2373 b,2955.804185,0.3,[Fe/H],0,0,0.05115,1,5651
TOI-1994 b,7024.007795,-0.01,[Fe/H],0,0,1.22272,1,7700
TOI-2524 b,203.4101805,0.06,[Fe/H],0,0,0.11628,1,5831
HD 142022 A b,1433.406116,0.19,[Fe/H],0,0,0.00432,1,5421
TOI-1243 b,7.7,-0.2,[Fe/H],0,0,-1.44551,1,3515
NGTS-35 b,152,0.085,[Fe/H],0,0,-0.59688,1,4717
GJ 3090 b,4.52,0.12,[Fe/H],0,0,-1.34199,2,3707
TOI-5788 b,3.72,-0.32,[Fe/H],0,0,-0.14752,2,5615
TOI-5788 c,6.4,-0.32,[Fe/H],0,0,-0.14752,2,5615
TOI-4495 c,23.2,0.18,[Fe/H],0,0,0.36656,2,6210
WASP-5 b,502.15,0.09,[Fe/H],0,0,0.06717,1,5700
HD 48265 b,2351.930212,0.3,[Fe/H],0,0,0.58433,2,5733
WASP-100 b,400.4658,-0.03,[Fe/H],0,0,0.76571,1,6900
Kepler-278 c,34.9,0.22,[Fe/H],0,0,0.64933,2,4965
WASP-157 b,182.43442,0.25,[Fe/H],0,0,0.07934,1,5772
TOI-3288 b,536.1765226,0.65,[Fe/H],0,0,-0.95195,1,4072
K2-222 b,7.5,-0.315,[Fe/H],0,0,0.1271,1,5942
HD 202772 A b,323.5493183,0.232,[Fe/H],0,0,1.00945,1,6442
HD 89839 b,1748.056239,0.04,[Fe/H],0,0,0.37479,1,6314
TOI-5916 b,226.6116542,0.09,[Fe/H],0,0,-1.45223,1,3613
TOI-5292 A b,412.8591007,0.33,[Fe/H],0,0,-1.10127,1,3919
TIC 87422071 b,409.998645,0.16,[Fe/H],0,0,0.44716,1,6150
Kepler-99 b,6.15,0.18,[Fe/H],0,0,-0.58545,1,4782
HD 38529 c,3299.058865,0.51,[Fe/H],0,0,0.8342,2,5697
TIC 245076932 b,162.0924876,0.02,[Fe/H],0,0,0.32428,1,6130
HD 217107 b,459.5798765,0.37,[Fe/H],0,0,0.09754,2,5622
TOI-519 b,147.1545524,0.27,[Fe/H],0,0,-1.85078,1,3322
WASP-107 b,30.51152707,0.02,[Fe/H],0,0,-0.87943,2,4425
TOI-2076 b,6.7,-0.09,[Fe/H],0,0,-0.42285,4,5187
TOI-2076 c,7.2,-0.09,[Fe/H],0,0,-0.42285,4,5187
K2-79 b,5.9,0.035,[Fe/H],0,0,0.24551,1,5897
TOI-4342 b,7.3,0.26,[Fe/H],0,0,-1.12494,2,3866
TOI-4342 c,4.8,0.26,[Fe/H],0,0,-1.12494,2,3866
Kepler-203 d,33.9,0.08,[Fe/H],0,0,0.0937,3,5821
TOI-201 b,164,0.24,[Fe/H],0,0,0.41664,3,6423
TOI-2076 d,7.3,-0.09,[Fe/H],0,0,-0.42285,4,5187
TOI-672 b,50.9,-0.14,[Fe/H],0,0,-1.31885,1,3810
K2-111 b,5.35,-0.46,[Fe/H],0,0,0.27875,2,5775
TOI-2529 b,743.7184724,0.1,[Fe/H],0,0,0.46389,1,5802
OGLE-2018-BLG-0740L b,1500,-0.24,[Fe/H],0,0,,1,5912
TOI-815 b,7.6,-0.09,[Fe/H],0,0,-0.50459,2,4869
OGLE-TR-182 b,320.995,0.37,[Fe/H],0,0,0.24059,1,5924
Kepler-29 b,5,-0.44,[Fe/H],0,0,-0.29687,2,5378
NGTS-27 b,188.4722454,0,[Fe/H],0,0,0.51375,1,5700
K2-19 c,11,0.06,[Fe/H],0,0,-0.29196,3,5322
K2-19 b,30.8,0.06,[Fe/H],0,0,-0.29196,3,5322
Kepler-26 b,5.12,-0.13,[Fe/H],0,0,-1.06048,4,3914
Kepler-26 c,6.2,-0.13,[Fe/H],0,0,-1.06048,4,3914
Kepler-307 c,3.64,0.19,[Fe/H],0,0,-0.12151,2,5367
TOI-451 b,4.7,0.02,[Fe/H],0,0,-0.22915,3,5490
TOI-1855 b,360.0995851,0.399,[Fe/H],0,0,-0.09474,1,5359
TOI-2368 b,206.5884646,0.1,[Fe/H],0,0,-0.27491,1,5360
TOI-3919 b,1233.174219,0.175,[Fe/H],0,0,0.33606,1,6100
TOI-4153 b,365.5026681,0.317,[Fe/H],0,0,0.71349,1,6860
TOI-5301 b,1182.321674,0.03,[Fe/H],0,0,0.81624,1,6240
WASP-156 b,41.8,0.305,[Fe/H],0,0,-0.41794,1,4987
Kepler-643 b,321.0083,0.13,[Fe/H],0,0,0.47818,1,4908
HD 63935 c,11.1,0.107,[Fe/H],0,0,-0.11464,2,5513
TOI-1601 b,387,0.343,[Fe/H],0,0,0.74772,1,5982
TOI-1444 b,3.58,0.146,[Fe/H],0,0,-0.17587,1,5460
TOI-1842 b,89.4,0.332,[Fe/H],0,0,0.69504,1,6039
HIP 97166 b,19.1,0.248,[Fe/H],0,0,-0.32514,2,5216
TOI-1296 b,95.3,0.405,[Fe/H],0,0,0.40157,1,5567
TOI-1298 b,99,0.397,[Fe/H],0,0,0.32056,1,5752
Kepler-223 e,4.8,0.1,[Fe/H],0,0,0.37128,4,5803
Kepler-223 b,7.4,0.1,[Fe/H],0,0,0.37128,4,5803
Kepler-223 d,8,0.1,[Fe/H],0,0,0.37128,4,5803
TOI-1451 b,15.2,0.019,[Fe/H],0,0,0.02449,1,5801
Kepler-80 d,6.75,0.04,[Fe/H],0,0,-0.76955,6,4540
TOI-1753 b,16.6,0.026,[Fe/H],0,0,-0.06956,1,5621
TOI-1776 b,1.4,-0.193,[Fe/H],0,0,-0.05306,1,5785
Kepler-80 c,6.74,0.04,[Fe/H],0,0,-0.76955,6,4540
HD 6061 b,10,-0.05,[Fe/H],0,0,0.05538,1,5934
TOI-329 b,40.4,0.205,[Fe/H],0,0,0.3251,1,5614
HD 25463 c,4.3,-0.018,[Fe/H],0,0,0.47276,2,6353
TOI-1279 b,10.6,-0.079,[Fe/H],0,0,-0.24336,1,5457
WASP-18 c,55.2,0.08,[Fe/H],0,0,0.35889,2,6400
LTT 9779 b,29.32,0.27,[Fe/H],0,0,-0.16749,1,5443
HD 15337 b,6.519,0.03,[Fe/H],0,0,-0.32606,2,5131
HAT-P-67 b,143.0227832,0.14,[Fe/H],0,0,1.07773,1,6640
CoRoT-32 b,47.6745,0,[Fe/H],0,0,-0.1549,1,5970
Kepler-539 c,762.792,-0.01,[Fe/H],0,0,-0.06048,2,5820
Kepler-1647 b,483,-0.14,[Fe/H],0,0,0.64425,1,6210
TOI-2379 b,1830.691624,0.501,[Fe/H],0,0,-1.12907,1,3707
TOI-2384 b,624.8506482,0.332,[Fe/H],0,0,-1.11907,1,3943
TOI-1011 b,4.04,0.03,[Fe/H],0,0,-0.1549,1,5475
TOI-421 c,14.1,-0.044,[Fe/H],0,0,-0.26777,2,5291
TOI-1173 b,27.4,0.139,[Fe/H],0,0,-0.16877,1,5350
HD 260655 c,3.09,-0.43,[Fe/H],0,0,-1.43997,2,3803
TOI-270 b,1.48,-0.17,[Fe/H],0,0,-1.7122,3,3506
HD 183579 b,20.4,-0.038,[Fe/H],0,0,-0.03386,1,5784
TOI-1824 b,16,0.124,[Fe/H],0,0,-0.37263,1,5165
HD 13931 b,889.9195396,0.05,[Fe/H],0,0,0.1959,1,5867
GJ 486 b,2.77,-0.15,[Fe/H],0,0,-1.93892,1,3317
TOI-6651 b,61,0.225,[Fe/H],0,0,0.52244,1,5940
CoRoT-9 b,266.9772,-0.01,[Fe/H],0,0,-0.25426,1,5625
K2-260 b,546.66486,0.334,[Fe/H],0,0,0.78817,1,6860
K2-261 b,68.96876432,0.372,[Fe/H],0,0,0.35392,1,5490
Kepler-289 c,157.18,0.05,[Fe/H],0,0,0.061,4,5990
K2-180 b,11.41003981,-0.578,[Fe/H],0,0,-0.41341,1,5365
K2-182 b,20.97667486,0.022,[Fe/H],0,0,-0.41117,1,5128
K2-97 b,174.4877954,0.328,[Fe/H],0,0,0.86688,1,4673
K2-98 b,34.00763955,-0.044,[Fe/H],0,0,0.50379,1,6260
K2-114 b,638.8350981,0.42,[Fe/H],0,0,-0.4437,1,4899
K2-277 b,7.4,0.078,[Fe/H],0,0,-0.05061,1,5680
HD 77338 b,15.9,0.32,[Fe/H],0,0,-0.2596,1,5341
GJ 143 b,22.7,0.003,[Fe/H],0,0,-0.6862,2,4640
HD 222155 b,581.6259848,-0.18,[Fe/H],0,0,0.50892,1,5701
HD 89307 b,642.0133821,-0.13,[Fe/H],0,0,0.13131,1,5955
TOI-1803 c,8,0.014,[Fe/H],0,0,-0.65365,2,4687
TOI-1803 b,10.32,0.014,[Fe/H],0,0,-0.65365,2,4687
HAT-P-11 b,25,0.31,[Fe/H],0,0,-0.56702,2,4653
HAT-P-11 c,851.7801308,0.31,[Fe/H],0,0,-0.56702,2,4653
TOI-2328 b,50.85254512,0.09,[Fe/H],0,0,-0.17005,1,5525
K2-229 c,7,-0.09,[Fe/H],0,0,-0.38869,2,5315
TOI-677 b,392.2002542,0,[Fe/H],0,0,0.31172,1,6295
HR 810 b,1970.536123,0.16,[Fe/H],0,0,0.25309,1,6167
TOI-5027 b,642.0133821,-0.15,[Fe/H],0,0,-0.03058,1,5909
KOI-3680 b,613.4119,0.16,[Fe/H],0,0,0.06783,1,5830
EPIC 229004835 b,10.4,-0.12,[Fe/H],0,0,0.02989,1,5868
70 Vir b,2380.45,-0.09,[Fe/H],0,0,0.4513,1,5495
K2-24 b,19,0.34,[Fe/H],0,0,0.15836,2,5625
TOI-6695 b,66.74396547,0.2,[Fe/H],0,0,0.54033,2,6400
MASCARA-4 b,532.3625817,0,[Fe/H],0,0,1.08743,1,7800
HD 88133 b,324.1866,0.34,[Fe/H],0,0,0.49678,1,5392
LHS 1903 e,5.79,-0.11,[Fe/H],0,0,-1.32451,4,3664
WASP-104 b,404.263,0.32,[Fe/H],0,0,-0.18964,1,5475
HD 18015 b,1048.833743,-0.14,[Fe/H],0,0,0.9738,1,5603
TOI-1201 b,6.28,0.05,[Fe/H],0,0,-1.46852,1,3476
CoRoT-2 b,1102.82,0.04,[Fe/H],0,0,-0.13055,1,5625
HD 190360 b,533.9517238,0.25,[Fe/H],0,0,0.06647,2,5552
HD 190360 c,25.42627256,0.25,[Fe/H],0,0,0.06647,2,5552
HD 154345 b,376.9444907,-0.105,[Fe/H],0,0,-0.21934,1,5468
K2-292 b,24.5,0.07,[Fe/H],0,0,0.09254,1,5725
K2-139 b,123.00021,0.24,[Fe/H],0,0,-0.29948,1,5370
Kepler-9 c,29.9,0.05,[Fe/H],0,0,-0.038,3,5774
TOI-178 c,4.64,-0.23,[Fe/H],0,0,-0.86646,6,4316
TOI-2431 b,6.2,-0.02,[Fe/H],0,0,-0.96257,1,4109
TOI-178 e,3.48,-0.23,[Fe/H],0,0,-0.86646,6,4316
TOI-5205 b,343,0,[Fe/H],0,0,-1.7122,1,3430
TOI-1794 b,8.7,0.035,[Fe/H],0,0,0.19728,1,5631
HIP 8152 b,8.9,0.007,[Fe/H],0,0,-0.0804,2,5618
KOI-1599.02,9,0.06,[Fe/H],0,0,0.16196,2,5833
K2-105 b,15.4,0.22,[Fe/H],0,0,-0.18892,1,5373
TIC 183374187 b,177.9839079,-0.39,[Fe/H],0,0,0.23952,1,5768
K2-121 b,51,0.04,[Fe/H],0,0,-0.74531,1,4526
HD 118203 b,680.152791,0.287,[Fe/H],0,0,0.6458,2,5742
TOI-6303 b,2493,0.44,[Fe/H],0,0,-1.08672,1,3977
HD 117207 b,669.3466251,0.19,[Fe/H],0,0,0.06566,1,5732
TOI-1898 b,129,-0.095,[Fe/H],0,0,0.55121,1,6241
K2-146 b,5.77,-0.02,[Fe/H],0,0,-1.82391,2,3385
CoRoT-7 d,17.142,0.12,[Fe/H],0,0,-0.28938,3,5250
XO-3 b,4217.582961,-0.159,[Fe/H],0,0,0.69197,1,6970
HD 220689 b,381.3940884,-0.07,[Fe/H],0,0,0.093,1,5921
TOI-1075 b,9.95,-0.08,[Fe/H],0,0,-1.14436,1,3875
CoRoT-35 b,349.6112477,-0.5,[Fe/H],0,0,0.36247,1,6390
WASP-132 b,136.0305582,0.15,[Fe/H],0,0,-0.57512,3,4686
HR 5183 b,1052.012027,0.1,[Fe/H],0,0,0.39748,1,5794
eps Eri b,209.7667486,-0.13,[Fe/H],0,0,-0.41928,1,5020.38
HD 17156 b,1036.120607,0.208,[Fe/H],0,0,0.44091,1,6046
WASP-110 b,154.7824342,-0.15,[Fe/H],0,0,-0.229,1,5392
TOI-561 e,12.4,-0.41,[Fe/H],0,0,-0.28233,4,5342
TOI-178 g,4.4,-0.23,[Fe/H],0,0,-0.86646,6,4316
TOI-178 b,0.96,-0.23,[Fe/H],0,0,-0.86646,6,4316
TOI-178 f,5.63,-0.23,[Fe/H],0,0,-0.86646,6,4316
TOI-756 b,9.83,0.196,[Fe/H],0,0,-1.38722,2,3657
KOI-1599.01,4.6,0.06,[Fe/H],0,0,0.16196,2,5833
TOI-1246 e,14.5,0.168,[Fe/H],0,0,-0.30103,4,5213
TOI-201 c,4990,0.24,[Fe/H],0,0,0.41664,3,6423
KOI-142 c,214.1,0.27,[Fe/H],0,0,-0.16507,3,5466
EPIC 249893012 b,8.75,0.2,[Fe/H],0,0,0.35568,3,5430
EPIC 249893012 c,14.67,0.2,[Fe/H],0,0,0.35568,3,5430
KOI-142 b,9.5,0.27,[Fe/H],0,0,-0.16507,3,5466
EPIC 249893012 d,10.18,0.2,[Fe/H],0,0,0.35568,3,5430
HD 196050 b,1493.793513,0.229,[Fe/H],0,0,0.26,1,5879
GJ 9827 c,1.86,-0.29,[Fe/H],0,0,-1.00436,3,4236
WASP-45 b,306.38812,-0.03,[Fe/H],0,0,-0.33555,1,5150
TOI-3714 b,222.4798849,0.1,[Fe/H],0,0,-1.40671,1,3660
TOI-1648 b,7.4,0.2,[Fe/H],0,0,-0.45377,1,4850
WASP-20 b,98.841,-0.008,[Fe/H],0,0,0.239,1,5940
WASP-120 b,1541.4755,-0.05,[Fe/H],0,0,0.67509,1,6450
HD 23472 b,8.32,-0.2,[Fe/H],0,0,-0.62525,5,4684
WASP-166 b,32.10083,0.19,[Fe/H],0,0,0.2826,1,6050
HD 66428 c,560.64931,0.23,[Fe/H],0,0,0.09579,2,5716
WASP-12 b,467.2101,0.12,[Fe/H],0,0,0.59711,1,6265
GJ 1061 d,1.67,-0.08,[Fe/H],0,0,-2.76955,3,2953
TOI-5349 b,127.4,0.5,[Fe/H],0,0,-1.20066,1,3751
Kepler-29 c,4.5,-0.44,[Fe/H],0,0,-0.29687,2,5378
Kepler-177 b,5.84,-0.11,[Fe/H],0,0,0.24,2,5732
KOI-1783.02,15,0.11,[Fe/H],0,0,0.21302,2,5922
Kepler-297 b,48.5,-0.11,[Fe/H],0,0,-0.09608,3,5619
HD 28109 c,9.2,0.1,[Fe/H],0,0,0.43297,3,6189
TOI-1338 b,11.3,0.01,[Fe/H],0,0,0.32898,2,5723.2
Kepler-462 b,53.9,0.05,[Fe/H],0,0,0.92588,2,7500
KOI-1831 d,2.23,0.18,[Fe/H],0,0,-0.30825,4,5233
eps Ind A b,2425.030745,0.22,[Fe/H],0,0,-0.6216,1,4760
NGTS-20 b,947.1286529,0.15,[Fe/H],0,0,0.64503,1,5980
HATS-37 A b,31.46517,0.051,[Fe/H],0,0,-0.25571,1,5326
WASP-93 b,467.2101,0.07,[Fe/H],0,0,0.61784,1,6700
TOI-4504 c,1197.323175,0.16,[Fe/H],0,0,-0.20761,3,5315
TOI-238 b,3.37,-0.114,[Fe/H],0,0,-0.47083,2,5059
TOI-199 b,54.03082919,0.22,[Fe/H],0,0,-0.33819,2,5255
K2-280 b,37.1,0.33,[Fe/H],0,0,0.13976,1,5500
HD 203030 b,3496.112477,0.3,[Fe/H],0,0,-0.2272,1,5603
TOI-2382 b,235.1930212,0.249,[Fe/H],0,0,0.37967,1,6033
HD 115954 b,2685.650039,0.34,[Fe/H],0,0,0.4809,1,5957
HD 95338 b,42.9,0.08,[Fe/H],0,0,-0.3098,1,5097
TOI-784 b,9.67,-0.13,[Fe/H],0,0,-0.19034,1,5558
TOI-1801 b,5.738,-0.19,[Fe/H],0,0,-1.23003,1,3863
BD+63 1405 b,3305.415433,-0.09,[Fe/H],0,0,-0.41295,1,5000
HD 137496 b,4.04,-0.03,[Fe/H],0,0,0.36633,2,5799
TOI-1244 b,6.6,0.034,[Fe/H],0,0,-0.62893,1,4599
TOI-1194 b,120,0.348,[Fe/H],0,0,-0.1512,1,5394
TOI-1836 b,38.45723725,-0.101,[Fe/H],0,0,0.5682,2,6380
TOI-2196 b,26,0.14,[Fe/H],0,0,-0.00436,1,5634
TOI-2876 b,54.03082919,0.353,[Fe/H],0,0,-0.27654,1,5271
TOI-286 b,4.53,-0.05,[Fe/H],0,0,-0.41364,2,5152
Kepler-1705 c,5.42,-0.2,[Fe/H],0,0,0.35411,2,6312
TOI-1438 c,10.6,0.03,[Fe/H],0,0,-0.34679,2,5230
HD 106252 b,3178.28407,-0.06,[Fe/H],0,0,0.1232,1,5874
KELT-14 b,408.09372,0.32,[Fe/H],0,0,0.27875,1,5720
HD 171238 b,2796.889982,0.2,[Fe/H],0,0,-0.20273,1,5467
HD 81040 b,2301.077667,-0.04,[Fe/H],0,0,-0.07676,1,5755
Kepler-167 e,321.0066911,0.02,[Fe/H],0,0,-0.5391,4,4884
TOI-2010 b,408.7273314,0.168,[Fe/H],0,0,0.11361,1,5929
HD 29021 b,1420.692979,-0.3,[Fe/H],0,0,-0.18111,1,5560
TOI-2345 b,3.49,-0.1,[Fe/H],0,0,-0.63639,2,4687
TOI-2981 b,638,-0.11,[Fe/H],0,0,0.11594,1,5940
HD 83443 c,476.7426105,0.34,[Fe/H],0,0,-0.10403,2,5442
TOI-270 c,6.2,-0.17,[Fe/H],0,0,-1.7122,3,3506
GJ 357 b,1.83,-0.12,[Fe/H],0,0,-1.79833,3,3505
LTT 3780 c,8.04,0.06,[Fe/H],0,0,-1.78252,2,3358
TOI-5624 d,4.9,-0.023,[Fe/H],0,0,-0.31336,5,5327
TOI-5624 c,4.8,-0.023,[Fe/H],0,0,-0.31336,5,5327
TOI-1691 b,14.6,0.052,[Fe/H],0,0,-0.03058,1,5759
TOI-5293 A b,170.4,-0.03,[Fe/H],0,0,-1.37414,1,3586
TOI-1518 b,581.6259848,-0.1,[Fe/H],0,0,0.98408,1,7299
HD 12661 c,899.4543918,0.36,[Fe/H],0,0,0.063,2,5748
2MASS J19383260+4603591 b,603.877,-0.092,[Fe/H],0,0,1.45,3,29564
HD 103891 b,918.5240962,-0.19,[Fe/H],0,0,0.78604,1,6072
KOI-984 c,209.8,0.12,[Fe/H],0,0,-0.324,2,5295
HIP 41378 c,6.53,0.046,[Fe/H],0,0,0.39646,6,6371
TOI-2969 b,368.6809521,0.08,[Fe/H],0,0,-0.58503,1,4738
HD 219828 c,5102.417246,0.19,[Fe/H],0,0,0.42,2,5891
HD 214823 b,5914.786654,0.17,[Fe/H],0,0,0.63849,1,6215
GJ 676 A c,4288.140867,0.23,[Fe/H],0,0,-1.04251,4,3734
HD 142 b,2256.58169,0.09,[Fe/H],0,0,0.47418,3,6245
HD 139357 b,6315.568276,-0.13,[Fe/H],0,0,1.82295,1,4700
HD 224538 b,2075.737326,0.27,[Fe/H],0,0,0.46982,1,6097
HIP 67537 b,4309.117542,0.15,[Fe/H],0,0,1.61669,1,4985
bet Pic c,3222.462219,-0.21,[Fe/H],0,0,0.95282,2,8038.68
HD 25015 b,2884.92845,0.04,[Fe/H],0,0,-0.38416,1,5160
HD 18143 c,3177.648413,0.28,[Fe/H],0,0,-0.31953,2,5078
HD 217786 b,4402.559094,-0.135,[Fe/H],0,0,0.27646,2,5966
HD 125390 b,8646.203984,-0.11,[Fe/H],0,0,1.12354,1,4882
HD 81817 b,7668.563804,-0.17,[Fe/H],0,0,3.26076,2,4140
HD 190228 b,1598.676887,-0.24,[Fe/H],0,0,0.697,1,5360
HD 23596 b,3786.607641,0.33,[Fe/H],0,0,0.45821,1,6040
GJ 367 b,0.633,-0.01,[Fe/H],0,0,-1.5391,3,3522
HD 204313 e,4868.17771,0.18,[Fe/H],0,0,0.09981,3,5767
HD 95544 b,1913.644839,0.11,[Fe/H],0,0,0.47797,1,5722
HD 43197 c,2500.673906,0.4,[Fe/H],0,0,-0.137,2,5508
HD 74156 c,2753.983147,0.131,[Fe/H],0,0,0.40075,2,6068
HD 86264 b,3117.261016,0.202,[Fe/H],0,0,0.66,1,6210
HD 111232 c,5740.934516,-0.36,[Fe/H],0,0,-0.161,2,5512
HD 142 c,3464.647465,0.09,[Fe/H],0,0,0.47418,3,6245
HD 217107 c,1388.910139,0.37,[Fe/H],0,0,0.09754,2,5622
HD 73267 c,1630.777556,0.03,[Fe/H],0,0,-0.106,2,5387
HD 219077 b,3057.509275,-0.13,[Fe/H],0,0,0.425,1,5362
bet Pic b,3727.809386,-0.21,[Fe/H],0,0,0.95282,2,8038.68
HD 145934 b,658.5404593,0.0951,[Fe/H],0,0,1.35455,1,4823.75
HIP 97233 b,6098.173645,0.29,[Fe/H],0,0,1.204,1,5020
HD 10697 b,1825.288541,0.17,[Fe/H],0,0,0.47665,1,5641
TrES-2 b,473.5667,-0.15,[Fe/H],0,0,0.03841,1,5850
WASP-47 d,15.5,0.43,[Fe/H],0,0,0.03167,4,5565
WASP-65 b,492.62,-0.07,[Fe/H],0,0,0.05497,1,5600
HAT-P-21 b,1547.8321,0.01,[Fe/H],0,0,0.18184,1,5588
WASP-88 b,133.4886,-0.08,[Fe/H],0,0,0.72351,1,6430
HATS-8 b,43.86054,0.21,[Fe/H],0,0,-0.0252,1,5679
WASP-56 b,143.0235,0.12,[Fe/H],0,0,0.10256,1,5600
HAT-P-26 b,22.2481,-0.04,[Fe/H],0,0,-0.35928,1,5079
HAT-P-28 b,198.953,0.12,[Fe/H],0,0,0.053,1,5680
HAT-P-16 b,1341.56043,0.17,[Fe/H],0,0,0.29447,1,6140
WASP-64 b,403.945,-0.08,[Fe/H],0,0,-0.022,1,5400
TOI-3486 b,99.16246298,0.283,[Fe/H],0,0,-0.4828,1,4930
TrES-4 b,247.9074,0.14,[Fe/H],0,0,0.72552,1,6200
HAT-P-20 b,2302.899,0.35,[Fe/H],0,0,-0.721,1,4595
WASP-35 b,225.6593,-0.15,[Fe/H],0,0,0.1443,1,5990
HD 66428 b,3478.949743,0.23,[Fe/H],0,0,0.09579,2,5716
TOI-3593 b,565.7345645,0.384,[Fe/H],0,0,-0.14146,1,5550
HAT-P-3 b,206.5895,0.27,[Fe/H],0,0,-0.36,1,5185
HATS-3 b,340.382,-0.157,[Fe/H],0,0,0.456,1,6351
HATS-36 b,1022.14128,0.15,[Fe/H],0,0,0.21484,1,5950
K2-216 b,8,0,[Fe/H],0,0,-0.72125,1,4503
TOI-3884 b,32.59,0.04,[Fe/H],0,0,-2.03152,1,3180
Kepler-289 d,5.33,0.05,[Fe/H],0,0,0.061,4,5990
KELT-8 b,209.7678,0.27,[Fe/H],0,0,0.26483,1,5754
WASP-174 b,104.8833743,0.06,[Fe/H],0,0,0.43616,1,6399
TOI-7149 b,224,-0.08,[Fe/H],0,0,-1.91542,1,3363
TOI-5789 c,5,-0.12,[Fe/H],0,0,-0.32883,4,5185
Kepler-849 b,298.7587026,0.145,[Fe/H],0,0,0.57287,1,5950
NGTS-25 b,203.0923521,0.12,[Fe/H],0,0,-0.29158,1,5321
BD-210397 c,1525.576354,0.12,[Fe/H],0,0,-0.86967,2,4051
WASP-74 b,228.8376,0.39,[Fe/H],0,0,0.39971,1,5990
TOI-5322 b,184.0226477,-0.048,[Fe/H],0,0,0.3075,1,5692
WASP-82 b,371.8611,0.12,[Fe/H],0,0,0.79422,1,6480
TOI-1136 g,5.6,0.07,[Fe/H],0,0,-0.02687,6,5770
TOI-1249 b,11.9,0.297,[Fe/H],0,0,-0.10127,1,5497
TOI-6330 b,3179,0.08,[Fe/H],0,0,-1.43168,1,3539
GJ 3473 b,1.86,0.11,[Fe/H],0,0,-1.82391,2,3347
TOI-2018 b,9.2,-0.58,[Fe/H],0,0,-1,1,4174
TIC 147027702 b,346.4329636,-0.08,[Fe/H],0,0,0.83251,1,6410
WASP-163 b,594.3421,-0.34,[Fe/H],0,0,-0.07572,1,5500
WASP-150 b,2688.8418,0.156,[Fe/H],0,0,0.55826,1,6218
Kepler-305 d,6.2,0.09,[Fe/H],0,0,-0.42318,4,5090
TOI-3321 b,176.0769375,-0.103,[Fe/H],0,0,0.40483,1,5850
HD 332231 b,74.1,0.043,[Fe/H],0,0,0.30792,1,6128
NGTS-26 b,92.80589484,0.2,[Fe/H],0,0,0.10106,1,5550
HD 11506 b,1551.002626,0.3,[Fe/H],0,0,0.33685,3,6123
TOI-5398 c,11.8,0.09,[Fe/H],0,0,0.11725,2,6000
TOI-6016 b,371.8592362,0.28,[Fe/H],0,0,0.4609,1,6110
HAT-P-52 b,259.98494,0.28,[Fe/H],0,0,-0.30452,1,5131
TIC 365102760 b,19.2,0.09,[Fe/H],0,0,0.707,1,4900
HAT-P-60 b,182.4335056,0.037,[Fe/H],0,0,0.80889,1,6212
HD 48265 c,1414.336411,0.39,[Fe/H],0,0,0.58433,2,5805
TOI-1294 b,63.9,0.283,[Fe/H],0,0,0.36847,2,5718
TOI-1823 b,67.4,0.243,[Fe/H],0,0,-0.46092,1,4927
TIC 139270665 b,147.1545524,0.156,[Fe/H],0,0,0.03222,2,5844
Kepler-43 b,1026.5909,0.33,[Fe/H],0,0,0.326,1,6041
TOI-3364 b,530.7734397,0.387,[Fe/H],0,0,0.28556,1,5706
TOI-6029 b,519.6494454,0.37,[Fe/H],0,0,0.79934,1,6223
HAT-P-69 b,1137.8314,-0.069,[Fe/H],0,0,1,1,7394
GJ 900 b,3496.112477,-0.63,[Fe/H],0,0,-0.921,1,3976
TOI-2580 b,200.2318964,0.26,[Fe/H],0,0,0.61595,1,6120
HIP 39017 b,7500.750405,-0.26,[Fe/H],0,0,0.74788,1,7201
TOI-1410.01,12.5,0.328,[Fe/H],0,0,-0.6216,2,4635
Kepler-725 c,9.7,0.14,[Fe/H],0,0,-0.31304,2,5395
TOI-1742 b,9.7,0.193,[Fe/H],0,0,0.12123,1,5815
TOI-220 b,13.8,-0.217,[Fe/H],0,0,-0.26668,1,5298
NGTS-31 b,355.9678158,0,[Fe/H],0,0,0.443,1,5710
TOI-1203.01,7.39,-0.39,[Fe/H],0,0,0.12977,4,5737
TOI-837 b,120.4569663,0.01,[Fe/H],0,0,0.1271,1,5995
WASP-47 b,374,0.43,[Fe/H],0,0,0.03167,4,5565
BD-17 63 b,1639.99458,-0.03,[Fe/H],0,0,-0.678,1,4714
TIC 4672985 b,4049.133905,0.14,[Fe/H],0,0,0.11394,1,5757
TOI-2803 A b,309.8826968,-0.105,[Fe/H],0,0,0.33646,1,6280
CoRoT-12 b,291.438,0.16,[Fe/H],0,0,0.07,1,5675
WASP-160 B b,88.35674,0.27,[Fe/H],0,0,-0.31796,1,5298
TOI-132 b,22.4,0.16,[Fe/H],0,0,-0.22185,1,5397
TOI-892 b,301.9385,0.24,[Fe/H],0,0,0.43136,1,6261
HD 11506 d,4068.20361,0.3,[Fe/H],0,0,0.33685,3,6123
WASP-193 b,35.59678158,-0.108,[Fe/H],0,0,0.26007,1,6080
HD 110067 d,8.52,-0.2,[Fe/H],0,0,-0.36224,6,5266
LHS 1815 b,1.58,-0.12,[Fe/H],0,0,-1.38722,1,3643
HD 75898 c,2698.363175,0.29,[Fe/H],0,0,0.46,2,6122
Kepler-51 e,5.4,0.047,[Fe/H],0,0,-0.1417,4,5674
LHS 1140 b,5.6,-0.15,[Fe/H],0,0,-2.42022,2,3096
TOI-1937 A b,638.8350981,0.196,[Fe/H],0,0,0.0799,1,5814
KELT-6 b,165.2716,-0.28,[Fe/H],0,0,0.493,2,6102
CoRoT-19 b,352.78,-0.02,[Fe/H],0,0,0.544,1,6090
TOI-1899 b,212.9450327,0.28,[Fe/H],0,0,-1.05685,1,3926
TOI-2236 b,502.1688831,0.119,[Fe/H],0,0,0.53275,1,6248
HAT-P-40 b,152.5584,0.22,[Fe/H],0,0,0.778,1,6080
EPIC 201595106 b,7.67,0.01,[Fe/H],0,0,-0.04915,2,5679
GJ 581 e,2.48,-0.08,[Fe/H],0,0,-1.90781,3,3500
TOI-5624 b,9.4,-0.023,[Fe/H],0,0,-0.31336,5,5327
LHS 1478 b,2.33,-0.13,[Fe/H],0,0,-2.14569,1,3381
Kepler-20 d,13.4,0.07,[Fe/H],0,0,-0.16451,6,5495
WASP-22 b,212.9461,-0.05,[Fe/H],0,0,0.245,1,6000
Kepler-105 b,10.8,-0.09,[Fe/H],0,0,0.09657,2,5933
Kepler-105 c,5.6,-0.09,[Fe/H],0,0,0.09657,2,5933
Kepler-1656 b,47.8,0.19,[Fe/H],0,0,0.02083,2,5569
LTT 3780 b,2.46,0.06,[Fe/H],0,0,-1.78252,2,3358
HD 260655 b,2.14,-0.43,[Fe/H],0,0,-1.43997,2,3803
Kepler-407 b,1.93,0.35,[Fe/H],0,0,-0.10791,2,5487
K2-37 d,12.5,-0.08,[Fe/H],0,0,-0.40798,3,5352
HD 207496 b,6.1,0.095,[Fe/H],0,0,-0.50858,1,4819
GJ 806 b,1.9,-0.28,[Fe/H],0,0,-1.58528,2,3600
K2-233 c,4.6,-0.082,[Fe/H],0,0,-0.52288,3,4796
TOI-1472 c,21.13,0.27,[Fe/H],0,0,-0.35556,2,5100
Kepler-278 b,56,0.22,[Fe/H],0,0,0.64933,2,4965
GJ 1061 b,1.11,-0.08,[Fe/H],0,0,-2.76955,3,2953
LP 791-18 c,7.16,-0.09,[Fe/H],0,0,-2.63827,3,2960
K2-199 b,6.9,-0.01,[Fe/H],0,0,-0.73283,2,4491
Kepler-139 b,7,0.35,[Fe/H],0,0,0.01598,5,5594
Kepler-549 b,11,-0.03,[Fe/H],0,0,-0.30618,3,5360
gam Cep b,2097.667486,0.18,[Fe/H],0,0,1.073,1,4775
HD 111232 b,2531.503262,-0.36,[Fe/H],0,0,-0.161,2,5512
Kepler-1704 b,1322.166173,0.196,[Fe/H],0,0,0.45179,1,5746
TOI-4311 b,4.5,-0.065,[Fe/H],0,0,-0.37469,2,5063
Kepler-65 c,5.4,0.17,[Fe/H],0,0,0.4674,4,6211
Kepler-7 b,140.16303,0.11,[Fe/H],0,0,0.69639,1,5933
GJ 676 A b,1840.862133,0.23,[Fe/H],0,0,-1.04251,4,3734
HD 125612 d,2281.372305,0.23,[Fe/H],0,0,0.06,3,5900
AB Pic b,4290.5,0.04,[Fe/H],0,0,-0.22631,1,5285
GJ 581 b,20.5,-0.08,[Fe/H],0,0,-1.90781,3,3500
GJ 581 c,6.81,-0.08,[Fe/H],0,0,-1.90781,3,3500
GJ 876 c,226.9846,0.2129,[Fe/H],0,0,-1.90658,4,3293.74
Kepler-40 b,699.2,0.1,[Fe/H],0,0,0.81889,1,6510
GSC 06214-00210 b,5000,-0.06,[Fe/H],0,0,-0.42,1,4200
Kepler-123 b,55.3,-0.08,[Fe/H],0,0,0.40952,2,6089
CT Cha b,5403,-0.56,[Fe/H],0,0,-0.10177,1,4403
Kepler-6 b,212.31044,0.34,[Fe/H],0,0,0.18916,1,5647
Kepler-267 b,37.9,-0.18,[Fe/H],0,0,-1.22915,3,4258
HD 126614 b,107.74383,0.56,[Fe/H],0,0,0.08279,1,5568
HD 128311 c,1204.25787,0.08,[Fe/H],0,0,-0.5116,2,4965
K2-27 b,30.2,0.12,[Fe/H],0,0,-0.26971,1,5246
HD 70642 b,1239.530787,0.22,[Fe/H],0,0,0.01204,1,5732
HD 30562 b,467.2077583,0.2,[Fe/H],0,0,0.45,1,5882
HD 73267 b,1321.530516,0.03,[Fe/H],0,0,-0.106,2,5387
HD 100777 b,390.9289406,-0.27,[Fe/H],0,0,0.02119,1,5533
TOI-5210 b,81.99972901,0.324,[Fe/H],0,0,0.15229,1,5723
K2-370 b,11.1,0.08,[Fe/H],0,0,-0.12703,1,5662
HATS-1 b,589.55,-0.06,[Fe/H],0,0,0.04139,1,5870
OGLE-TR-132 b,375.02,0.37,[Fe/H],0,0,0.371,1,6210
TOI-1723 b,10.4,0.159,[Fe/H],0,0,0.06446,1,5777
HD 204313 b,1466.778098,0.18,[Fe/H],0,0,0.09981,3,5767
CoRoT-24 c,28,0.3,[Fe/H],0,0,-0.60148,2,4950
HATS-63 b,305.1168,0.081,[Fe/H],0,0,0.01199,1,5627
CoRoT-22 b,12.2,0.17,[Fe/H],0,0,0.01352,1,5939
HATS-11 b,263.7989,0.03,[Fe/H],0,0,0.40312,1,6563
HD 27631 b,495.8123149,-0.12,[Fe/H],0,0,-0.056,1,5737
HD 98649 b,3082.935548,-0.06,[Fe/H],0,0,-0.01412,1,5759
CoRoT-29 b,270.1555,0.2,[Fe/H],0,0,-0.09414,1,5260
HATS-39 b,200.2329,0,[Fe/H],0,0,0.64048,1,6572
GJ 504 b,1271.3,0.28,[Fe/H],0,0,0.332,1,6234
ROXs 12 b,5085,0.14,[Fe/H],0,0,-0.79013,1,3850
NGTS-14 A b,29.24036,0.1,[Fe/H],0,0,-0.31088,1,5187
Kepler-36 b,3.83,-0.18,[Fe/H],0,0,0.51005,2,5979
Kepler-48 e,657,0.17,[Fe/H],0,0,-0.28926,5,5194
K2-233 d,10.3,-0.082,[Fe/H],0,0,-0.52288,3,4796
TOI-558 b,1147.360549,-0.004,[Fe/H],0,0,0.54654,1,6466
HD 183263 c,2958.982469,0.2776,[Fe/H],0,0,0.25025,2,5948
HD 156279 c,3098.826968,0.14,[Fe/H],0,0,-0.14596,2,5453
CoRoT-21 b,718.2958,0,[Fe/H],0,0,0.705,1,6200
WASP-177 b,161.45764,0.25,[Fe/H],0,0,-0.41167,1,5017
LP 791-18 d,0.91,-0.09,[Fe/H],0,0,-2.63827,3,2960
TOI-640 b,181.162192,0.072,[Fe/H],0,0,0.83442,1,6460
K2-107 b,266.9772,0.14,[Fe/H],0,0,0.46446,1,6061
K2-229 b,2.55,-0.09,[Fe/H],0,0,-0.38869,2,5315
Kepler-411 e,10.8,0.21,[Fe/H],0,0,-0.57899,4,4974
HATS-76 b,835.570882,0.322,[Fe/H],0,0,-1.0381,1,4016
HATS-77 b,436.6962312,0.253,[Fe/H],0,0,-0.99183,1,4071
KELT-17 b,416.3573,-0.018,[Fe/H],0,0,0.87564,1,7454
Kepler-65 e,260,0.13,[Fe/H],0,0,0.4674,4,6220
TOI-2109 b,1595.498603,0.068,[Fe/H],0,0,0.67302,1,6540
HD 191806 b,2966.610351,0.3,[Fe/H],0,0,0.3483,1,6010
KPS-1 b,346.4347,0.22,[Fe/H],0,0,-0.35281,1,5165
K2-233 b,2.4,-0.082,[Fe/H],0,0,-0.52288,3,4796
HD 224018 c,10.4,0.05,[Fe/H],0,0,0.12385,3,5784
HD 110113 b,4.55,0.14,[Fe/H],0,0,-0.03235,2,5732
Kepler-277 b,87.3,0.09,[Fe/H],0,0,0.56791,2,5946
HD 69123 b,982.0897776,0.05,[Fe/H],0,0,1.46997,1,4842
TOI-1478 b,279.6889982,0.078,[Fe/H],0,0,-0.01278,1,5597
TOI-1203 b,3.51,-0.39,[Fe/H],0,0,0.12977,4,5737
Kepler-139 d,2,0.35,[Fe/H],0,0,0.01598,5,5622
Kepler-65 b,2.4,0.17,[Fe/H],0,0,0.4674,4,6211
Kepler-80 e,4.13,0.04,[Fe/H],0,0,-0.76955,6,4540
Kepler-406 b,6.35,0.18,[Fe/H],0,0,0.0482,2,5538
Kepler-231 b,35.4,-0.1,[Fe/H],0,0,-1.03621,2,3767
Kepler-385 c,13.2,0.01,[Fe/H],0,0,0.14374,3,6326
Kepler-60 b,4.19,-0.09,[Fe/H],0,0,0.36906,3,5905
Kepler-100 b,4.01,0.1,[Fe/H],0,0,0.39445,4,5837
KOI-2513.01,7310.053361,-0.37,[Fe/H],0,0,0.197,1,5900
Kepler-85 b,1.84,0.12,[Fe/H],0,0,-0.2123,4,5505.2
Kepler-36 c,7.13,-0.18,[Fe/H],0,0,0.51005,2,5979
TOI-1634 b,4.9,0.23,[Fe/H],0,0,-1.5391,2,3550
Kepler-161 c,3.61,0.24,[Fe/H],0,0,-0.44679,2,5078
TOI-3984 A b,44,0.18,[Fe/H],0,0,-1.57408,1,3476
Kepler-55 c,69.8,-0.01,[Fe/H],0,0,-0.76324,5,4362
UCAC3 113-933 b,6674.396547,-0.95,[Fe/H],0,0,-1.19385,1,3864
Kepler-272 b,78,0.04,[Fe/H],0,0,0.06634,3,5297
TIC 241249530 b,1582.785467,0.09,[Fe/H],0,0,0.40824,1,6166
NGTS-6 b,425.57437,0.11,[Fe/H],0,0,-0.59176,1,4730
NGTS-32 b,181.162192,-0.03,[Fe/H],0,0,0.47092,1,5680
TOI-5344 b,130.9453037,0.425,[Fe/H],0,0,-1.21254,1,3747
Kepler-240 c,102.3,0.41,[Fe/H],0,0,-0.52355,2,4985
Kepler-424 b,327.35,0.44,[Fe/H],0,0,-0.15,2,5460
Kepler-223 c,5.1,0.1,[Fe/H],0,0,0.37128,4,5803
TOI-663 c,3.65,0.07,[Fe/H],0,0,-1.37033,3,3681
Kepler-238 d,23.1,0.34,[Fe/H],0,0,0.43048,5,5751
HATS-30 b,224.38798,0.06,[Fe/H],0,0,0.09691,1,5943
Kepler-238 e,169.7,0.34,[Fe/H],0,0,0.43048,5,5800
Kepler-106 c,10.44,-0.12,[Fe/H],0,0,0.08255,4,5858
Kepler-327 c,20.3,-0.2,[Fe/H],0,0,-1.25964,3,3799
HD 26161 b,9045.396463,-0.0095,[Fe/H],0,0,0.39304,1,6057.62
Kepler-80 b,6.93,0.04,[Fe/H],0,0,-0.76955,6,4540
Kepler-94 b,10.84,0.34,[Fe/H],0,0,-0.61348,2,4781
Kepler-305 c,6,0.09,[Fe/H],0,0,-0.42318,4,5080
HD 80869 b,1609.800881,0.17,[Fe/H],0,0,0.39977,1,5837
Kepler-101 b,51.1,0.33,[Fe/H],0,0,0.42034,2,5667
CoRoT-30 b,921.707,0.02,[Fe/H],0,0,-0.19653,1,5650
CoRoT-31 b,266.9772,0,[Fe/H],0,0,0.39778,1,5700
Kepler-117 c,584.78,-0.04,[Fe/H],0,0,0.53776,2,6150
HATS-4 b,420.471,0.43,[Fe/H],0,0,-0.187,1,5403
TOI-2567 b,63.88350981,0.241,[Fe/H],0,0,0.40483,1,5611
Kepler-1705 b,4.47,-0.2,[Fe/H],0,0,0.35411,2,6312
TOI-3862 b,53.7,0.11,[Fe/H],0,0,-0.19443,1,5300
KELT-4 A b,286.68266,-0.116,[Fe/H],0,0,0.53529,1,6206
WASP-141 b,854.9627,0.29,[Fe/H],0,0,0.31468,1,5900
TOI-6038 A b,78.5,0.124,[Fe/H],0,0,0.53275,1,6110
G 9-40 b,4,-0.07,[Fe/H],0,0,-1.96019,1,3395
TOI-2322 c,18.1,-0.12,[Fe/H],0,0,-0.74232,2,4664
Kepler-19 d,22.5,-0.08,[Fe/H],0,0,-0.16056,3,5544
TOI-1107 b,1064.725163,-0.1,[Fe/H],0,0,0.67117,1,6311
KOI-1783.01,71,0.11,[Fe/H],0,0,0.21302,2,5922
HATS-27 b,168.4499,0.09,[Fe/H],0,0,0.66932,1,6438
HD 164604 c,3019.369867,0.12,[Fe/H],0,0,-0.58503,2,4663
TOI-908 b,16.137,0.08,[Fe/H],0,0,-0.03953,1,5626
Kepler-54 b,0.98,-0.27,[Fe/H],0,0,-1.30103,3,3705
Kepler-49 b,9.77,0.03,[Fe/H],0,0,-1.13077,4,4095.6
Kepler-84 b,40,-0.07,[Fe/H],0,0,0.39,5,6039
Kepler-277 c,64.2,0.09,[Fe/H],0,0,0.56791,2,5946
Kepler-84 c,20.2,-0.07,[Fe/H],0,0,0.39,5,6039
K2-66 b,21.3,-0.047,[Fe/H],0,0,0.50621,1,5887
Kepler-553 c,2129.450327,0.152,[Fe/H],0,0,-0.27084,2,5191
Kepler-219 d,19.1,0.36,[Fe/H],0,0,0.2139,3,5786
Kepler-176 d,1.72,0.13,[Fe/H],0,0,-0.40427,4,5232
Kepler-76 b,638.8383,-0.1,[Fe/H],0,0,0.45116,1,6409
WASP-55 b,186.2474465,-0.03,[Fe/H],0,0,0.16259,1,6096
HD 28185 c,1906.970442,0.19,[Fe/H],0,0,-0.01323,2,5602
TOI-375 b,236.7821632,0.084,[Fe/H],0,0,0.75997,3,5259.9
K2-290 c,246.00042,-0.06,[Fe/H],0,0,0.42035,2,6302
HD 164604 b,4195.334972,0.12,[Fe/H],0,0,-0.58503,2,4663
V1298 Tau d,6,0.1,[Fe/H],0,0,-0.02045,4,4970
LHS 1903 b,3.28,-0.11,[Fe/H],0,0,-1.32451,4,3664
TOI-178 d,5.2,-0.23,[Fe/H],0,0,-0.86646,6,4316
TOI-198 b,3.17,-0.66,[Fe/H],0,0,-1.484,1,3801
TOI-1470 c,7.24,0,[Fe/H],0,0,-1.42481,2,3709
TOI-1238 c,8.32,0.31,[Fe/H],0,0,-1.08249,2,4089
HIP 8152 c,10.7,0.007,[Fe/H],0,0,-0.0804,2,5618
HD 5278 b,7.8,-0.12,[Fe/H],0,0,0.28035,2,6203
WASP-117 b,95.349,-0.11,[Fe/H],0,0,0.27413,1,6040
TOI-125 c,6.63,-0.02,[Fe/H],0,0,-0.28483,3,5320
HATS-38 b,23.51942,-0.102,[Fe/H],0,0,0.07151,1,5732
TOI-1470 b,7.32,0,[Fe/H],0,0,-1.42481,2,3709
TOI-763 c,9.32,0.01,[Fe/H],0,0,-0.15377,2,5450
TOI-5624 e,8.9,-0.023,[Fe/H],0,0,-0.31336,5,5327
TOI-481 b,486.2799,0.26,[Fe/H],0,0,0.43457,1,5735
TOI-4336 A c,1.55,0.14,[Fe/H],0,0,-1.95861,2,3307
COCONUTS-2 b,2383.713053,0,[Fe/H],0,0,-1.719,1,3552