hostname,st_mass (unit: M☉),SUM of pl_bmasse (unit: M🜨),SUM of pl_bmasse / st_mass ratio (no unit),st_lum,st_teff
14 Her,0.97,5339.517238,0.00826450612,-0.15273,5338
2MASS J04372171+2651014,0.17,1271.313628,0.02245538077,-1.16368,3100
2MASS J19383260+4603591,0.48,603.877,0.003777668929,1.45,29564
70 Vir,1.09,2380.45,0.006557664723,0.4513,5495
AB Pic,0.9,4290.5,0.01431469304,-0.22631,5285
AF Lep,1.218,1147.360549,0.002828585218,0.29,6140
BD-14 3065 A,1.41,3932,0.008373577402,1.06,6935
BD-17 63,0.741,1639.99458,0.006645701759,-0.678,4714
BD-210397,0.69,1525.576354,0.006638982142,-0.86967,4051
BD+63 1405,0.816,3305.415433,0.01216333125,-0.41295,5000
bet Pic,1.795,6950.271604,0.005813316528,0.95282,8038.68
COCONUTS-2 A,0.4,2383.713053,0.01789413155,-1.719,3552
CoRoT-10,0.89,874,0.002948750779,-0.72608,5075
CoRoT-11,1.27,740.51,0.001750829475,0.37753,6440
CoRoT-12,1.078,291.438,0.0008117906776,0.07,5675
CoRoT-13,1.09,415.704,0.001145181565,0.07314,5945
CoRoT-14,1.13,2415.4,0.006418407122,0.11884,6035
CoRoT-17,1.04,772.29,0.002229788723,0.13421,5740
CoRoT-18,0.95,1102.82,0.003485761517,-0.17,5440
CoRoT-19,1.21,352.78,0.0008754578236,0.544,6090
CoRoT-2,0.96,1102.82,0.003449451501,-0.13055,5625
CoRoT-21,1.29,718.2958,0.001671976848,0.705,6200
CoRoT-23,1.14,889.9,0.002343975123,0.08678,5900
CoRoT-25,1.09,85.81,0.0002363894263,0.14101,6040
CoRoT-26,1.09,165.26,0.0004552583218,0.451,5590
CoRoT-28,1.01,153.82972,0.0004573361363,0.38849,5150
CoRoT-29,0.97,270.1555,0.0008362935013,-0.09414,5260
CoRoT-3,1.37,6883.91,0.01508798554,0.39086,6740
CoRoT-30,0.98,921.707,0.002824121992,-0.19653,5650
CoRoT-31,1.25,266.9772,0.0006413288893,0.39778,5700
CoRoT-35,1.01,349.6112477,0.0010393951,0.36247,6390
CoRoT-6,1.05,940.74,0.002690276723,0.02573,6090
CoRoT-9,0.96,266.9772,0.0008350636579,-0.25426,5625
EPIC 246851721,1.317,953.49,0.002173937281,0.52634,6202
eps Eri,0.82,209.7667486,0.0007681383301,-0.41928,5020.38
eps Ind A,0.781,2425.030745,0.009323583355,-0.6216,4760
Gaia-4,0.644,3750.375203,0.01748660475,-0.99957,4034
Gaia-5,0.339,6633.078854,0.05875327835,-1.82594,3447
gam Cep,1.27,2097.667486,0.004959633312,1.073,4775
GJ 179,0.357,301.9369867,0.002539596635,-1.796,3370
GJ 317,0.402,794.5,0.005934504877,-1.68663,3496
GJ 463,0.486,1080.616584,0.006676548399,-1.52293,3563
GJ 504,1.22,1271.3,0.003128994926,0.332,6234
GJ 676 A,0.626,6129.003001,0.01469948596,-1.04251,3734
GJ 832,0.45,314.6501229,0.002099578102,-1.585,3472
GJ 876,0.32,950.2081,0.004458157392,-1.90658,3293.74
GJ 900 A,1.08,3496.112477,0.009720268992,-0.921,3976
GPX-1,1.68,6261.219618,0.01119093307,0.72673,7000
GQ Lup,0.7,6356,0.02726481098,-0.07239,4360
GSC 06214-00210,0.9,5000,0.01668184715,-0.42,4200
GU Psc,0.325,3591.3,0.03318065594,-1.60189,4031.81
HAT-P-1,1.151,166.86075,0.000435306859,0.22463,5980
HAT-P-11,0.811,851.7801308,0.003153721171,-0.56702,4653
HAT-P-12,0.733,67.059,0.0002747070093,-0.678,4650
HAT-P-13,1.32,270.462,0.0006152462377,0.346,5653
HAT-P-14,2.65,1093.3352,0.00123886533,0.64412,6600
HAT-P-15,1,616.5902,0.001851455424,0.03019,5568
HAT-P-16,1.218,1341.56043,0.003307345719,0.29447,6140
HAT-P-17,0.99,184.3414,0.0005591191014,-0.28893,5246
HAT-P-18,0.77,62.61,0.000244157248,-0.569,4803
HAT-P-19,0.807,88.03846874,0.0003275786495,-0.48545,4962
HAT-P-2,1.33,6267.576186,0.007075133318,0.5535,6396
HAT-P-20,0.756,2302.899,0.009146811694,-0.721,4595
HAT-P-21,1.24,1547.8321,0.003748165912,0.18184,5588
HAT-P-22,1.13,785.0401,0.002086075585,-0.114,5302
HAT-P-23,1.13,664.237,0.001765067273,0.199,5905
HAT-P-24,1.37,238.3725,0.0005224590143,0.408,6373
HAT-P-25,1.012,180.84527,0.0005365908767,-0.15181,5519
HAT-P-28,1.025,198.953,0.0005828318404,0.053,5680
HAT-P-29,1.45,279.6904,0.0005791968622,0.31175,6087
HAT-P-3,1.06,206.5895,0.0005852198142,-0.36,5185
HAT-P-30,1.55,263.7989,0.0005110435658,0.312,6304
HAT-P-31,1.31,721.4741,0.001653735663,0.43315,6065
HAT-P-32,1.132,216.1244,0.000573289538,0.33806,6001
HAT-P-33,1.82,292.4036,0.0004824229609,0.618,6446
HAT-P-36,1.03,587.413406,0.001712471182,0.02243,5620
HAT-P-37,0.929,371.528,0.001200860275,-0.208,5500
HAT-P-38,0.886,84.857,0.0002875878901,-0.208,5330
HAT-P-39,1.404,190.372,0.0004071482827,0.607,6430
HAT-P-40,1.03,152.5584,0.0004447495765,0.778,6080
HAT-P-41,2.56,378.2177,0.0004436275683,0.628,6390
HAT-P-42,1.178,331.801,0.0008457637027,0.356,5743
HAT-P-43,1.03,210.395,0.0006133591277,0.05986,5693
HAT-P-44,0.942,111.871,0.0003566015775,-0.194,5295
HAT-P-45,1.259,283.492,0.0006761323575,0.4,6330
HAT-P-46,1.284,156.684,0.0003664175521,0.391,6120
HAT-P-49,2.22,699.226,0.0009457606422,0.814,6820
HAT-P-5,1.04,311.4734,0.0008992993239,0.187,5960
HAT-P-50,1.273,429.0705,0.001012084783,0.60314,6280
HAT-P-51,0.961,97.57332095,0.0003048767749,-0.10237,5453
HAT-P-52,0.887,259.98494,0.0008801186306,-0.30452,5131
HAT-P-53,1.093,471.65972,0.00129576209,0.21748,5956
HAT-P-54,0.645,241.5508,0.001124515402,-0.9017,4390
HAT-P-55,1.028,189.4257306,0.0005533023297,0.09656,5804
HAT-P-56,1.42,734.1873,0.001552512716,0.55274,6566
HAT-P-57,2.77,448.1403,0.0004857925767,0.80618,6330
HAT-P-58,1.031,118.2321674,0.0003443448788,0.45637,6078
HAT-P-59,1.008,489.4557468,0.001458040349,0.05385,5678
HAT-P-6,1.79,419.5356,0.0007037727237,0.55267,6570
HAT-P-60,1.435,182.4335056,0.0003817414731,0.80889,6212
HAT-P-61,1.004,335.9446262,0.001004732911,-0.1152,5587
HAT-P-62,1.023,241.8674177,0.0007099346556,0.09061,5629
HAT-P-63,0.925,195.1466419,0.0006334844987,-0.1463,5400
HAT-P-64,1.298,184.3404761,0.0004264446349,0.66839,6457
HAT-P-65,1.297,176.0769375,0.0004076422053,0.47276,5872
HAT-P-66,1.255,248.86089,0.0005954284295,0.6149,6002
HAT-P-67,1.73,143.0227832,0.0002482422874,1.07773,6640
HAT-P-68,0.6785,230.10892,0.00101835745,-0.77911,4508
HAT-P-69,1.648,1137.8314,0.00207318162,1,7394
HAT-P-7,1.56,584.8072,0.001125653576,0.8142,6389
HAT-P-70,1.89,2154.8874,0.003423571641,1.22272,8450
HAT-P-8,1.27,406.8224,0.0009618730998,0.519,6200
HAT-P-9,1.281,238.05467,0.0005580128737,0.4183,6350
HATS-1,0.986,589.55,0.001795396488,0.04139,5870
HATS-10,1.101,167.17858,0.0004559423735,0.117,5880
HATS-11,1.33,263.7989,0.0005955770879,0.40312,6563
HATS-12,1.16,759.6137,0.00196630753,0.86332,6357
HATS-13,0.962,172.58169,0.0005386867434,-0.32121,5523
HATS-14,0.967,340.39593,0.00105699888,-0.17274,5346
HATS-15,0.871,689.6911,0.002377678383,-0.20412,5311
HATS-16,0.97,1039.3041,0.003217270293,0.17319,5738
HATS-17,1.131,425.25654,0.001129028849,0.09342,5846
HATS-18,1.037,629.144485,0.001821747911,-0.03152,5600
HATS-2,0.904,435.4249176,0.001446310338,-0.268,5227
HATS-22,0.759,870.8542,0.003445246637,-0.64589,4803
HATS-23,1.121,467.2101,0.001251478096,0.15534,5780
HATS-24,1.07,718.2958,0.002015747788,0.19,6125
HATS-25,0.994,194.82979,0.0005885530581,0.06819,5715
HATS-26,1.299,206.5895,0.0004775465766,0.70415,6071
HATS-27,1.415,168.4499,0.0003574628884,0.66932,6438
HATS-28,0.929,213.58176,0.0006903432608,-0.15739,5498
HATS-29,1.032,207.54299,0.000603872169,0.02938,5670
HATS-3,1.209,340.382,0.000845389652,0.456,6351
HATS-30,1.093,224.38798,0.0006164474631,0.09691,5943
HATS-31,1.275,279.6904,0.0006586944708,0.61909,6050
HATS-32,1.099,292.4036,0.0007989170054,0.0569,5700
HATS-33,1.062,378.85336,0.001071182007,-0.01773,5659
HATS-34,0.955,299.07803,0.0009403678709,-0.14026,5380
HATS-35,1.317,388.38826,0.000885517119,0.46538,6300
HATS-36,1.1,1022.14128,0.002790197116,0.21484,5950
HATS-39,1.379,200.2329,0.0004360013297,0.64048,6572
HATS-4,1.001,420.471,0.001261300631,-0.187,5403
HATS-40,1.561,505.3497,0.0009720883801,0.90309,6460
HATS-41,1.496,3082.951,0.006188019467,0.65321,6424
HATS-42,1.273,597.5204,0.001409421773,0.42488,6060
HATS-43,0.837,82.95363,0.0002975956508,-0.39794,5099
HATS-44,0.86,177.9848,0.0006214427222,-0.39794,5080
HATS-45,1.272,222.481,0.0005251972691,0.42488,6450
HATS-46,0.917,54.98459,0.0001800479985,-0.22988,5495
HATS-47,0.674,117.27927,0.0005224900208,-0.79615,4512
HATS-48 A,0.7279,77.23269,0.0003186002298,-0.70885,4546
HATS-49,0.7133,112.19399,0.0004722957221,-0.78489,4405
HATS-5,0.936,75.323,0.000241639764,-0.268,5304
HATS-54,1.05,239.3247905,0.0006844079268,0.11461,5621
HATS-55,1.1955,292.72143,0.0007352272249,0.22891,6214
HATS-56,1.573,191.33366,0.0003652408116,0.89763,6536
HATS-57,1.026,1000.21101,0.002927257401,-0.0942,5587
HATS-59,1.038,256.17098,0.0007410529131,-0.00436,5670
HATS-6,0.574,101.38777,0.0005303838863,-1.09983,3724
HATS-60,1.097,210.40346,0.0005759209705,0.30016,5688
HATS-61,1.076,1080.622,0.003015630841,0.36922,5542
HATS-62,0.896,56.89157,0.0001906586668,-0.17328,5416
HATS-63,0.931,305.1168,0.0009840860661,0.01199,5627
HATS-64,1.564,305.1168,0.000585795478,0.86747,6554
HATS-65,1.257,260.93843,0.0006233319815,0.37658,6277
HATS-66,1.411,1694.0339,0.003605053597,0.76716,6626
HATS-67,1.435,460.8535,0.0009643343387,0.54654,6594
HATS-68,1.351,410.0007,0.0009112675214,0.59218,6147
HATS-69,0.892,183.38791,0.000617337259,-0.31758,5137
HATS-70,1.78,4100.007,0.006916418098,1.07918,7930
HATS-71,0.4861,117.5971,0.0007264197336,-1.55988,3405
HATS-74 A,0.601,464.0294742,0.002318396634,-1.2161,3776.9
HATS-75,0.6017,156.0537478,0.0007787729072,-1.19661,3790.4
HATS-76,0.662,835.570882,0.003790023916,-1.0381,4016
HATS-77,0.655,436.6962312,0.002001957191,-0.99183,4071
HATS-9,1.1,266.02371,0.0007261800329,0.3118,5599
HD 100508,0.94,381.3940884,0.00121832385,-0.0942,5419
HD 100777,1.08,390.9289406,0.001086902805,0.02119,5533
HD 103891,1.28,918.5240962,0.002154751675,0.78604,6072
HD 106252,1.05,3178.28407,0.009089082694,0.1232,5874
HD 106270,1.39,3623.24384,0.00782707337,0.75587,5509
HD 106515 A,0.89,6006.956892,0.02026661192,-0.16368,5362
HD 106906,1.5,3496,0.006998368515,0.75,6516
HD 10697,0.99,1825.288541,0.005536215354,0.47665,5641
HD 108341,0.843,715.1139158,0.002547207339,-0.37001,5122
HD 111232,0.96,8272.437777,0.01293745711,-0.161,5512
HD 111998,1.4,1525.576354,0.00327206977,0.51231,6557
HD 112570,1.15,1086.973152,0.002838164866,1.6466,4750
HD 114082,1.47,2542.627256,0.005193761539,0.5832,6651
HD 114386,0.6,464.0294742,0.002322260628,-0.54,4836
HD 114783,0.9,603.8739733,0.002014746664,-0.3725,5135
HD 11506,1.22,5619.206236,0.006915152915,0.33685,6123
HD 115954,1.18,2685.650039,0.006834142898,0.4809,5957
HD 117207,1.053,669.3466251,0.001908707366,0.06566,5732
HD 118203,1.27,4427.34971,0.005233916064,0.6458,5742
HD 120084,2.16,2034.101805,0.002827714616,1.73783,4879
HD 125390,1.82,8646.203984,0.01426496571,1.12354,4882
HD 125612,1.05,2281.372305,0.006524143558,0.06,5900
HD 12661,1.02,899.4543918,0.002647863649,0.063,5748
HD 126614,0.96,107.74383,0.0003370061442,0.08279,5568
HD 128311,0.828,1204.25787,0.004367227329,-0.5116,4965
HD 128717,1.212,6293.002459,0.0155909265,0.322,6210
HD 129445,0.99,797.7493016,0.002419623984,0.08968,5646
HD 136118,1.18,4164.187789,0.01059656098,0.56868,6097
HD 13931,1.3,889.9195396,0.002055531009,0.1959,5867
HD 139357,2.69,6315.568276,0.007049800012,1.82295,4700
HD 1397,1.324,131.89945,0.0002991380389,0.65992,5521
HD 14067,2.4,4862.774627,0.006084004728,1.898,4815
HD 141937,1.09,3591.460999,0.009893758364,0.022,5870
HD 142,1.21,5721.229154,0.007098892829,0.47418,6245
HD 142022 A,0.9,1433.406116,0.004782372344,0.00432,5421
HD 143361,0.968,1382.55357,0.004288676157,-0.09151,5507
HD 145934,2.058,658.5404593,0.0009608458848,1.35455,4823.75
HD 148427,1.64,381.3940884,0.0006983075728,0.78,5025
HD 149026,1.42,120.7754,0.0002553917022,0.48,6179
HD 150706,1.17,772.323029,0.001982119187,0.03175,5961
HD 154345,0.89,376.9444907,0.001271756705,-0.21934,5468
HD 154391,2.07,2892.238504,0.004195467881,1.58115,4909
HD 156279,0.94,3098.826968,0.009898881285,-0.14596,5453
HD 16175,1.63,1875.187601,0.003454409036,0.50786,5981
HD 164604,0.77,7214.704839,0.01406742117,-0.58503,4663
HD 165131,1.06,5943.391211,0.0168362395,0.08329,5870
HD 166724,0.81,1207.747947,0.004477214808,-0.509,5127
HD 16760,0.93,6833.310751,0.02206301525,-0.14267,5518
HD 167677,0.96,905.81096,0.002833237496,-0.13215,5474
HD 168443,0.98,5500.338412,0.01685310697,0.38246,5491
HD 169830,1.17,2437.426053,0.006255502901,0.662,6300
HD 171238,0.92,2796.889982,0.009128600445,-0.20273,5467
HD 17156,1.285,1036.120607,0.002421161872,0.44091,6046
HD 175167,1.09,4703.860424,0.01295819679,0.45593,5635
HD 18015,1.49,1048.833743,0.00211366923,0.9738,5603
HD 181234,0.94,2980.912629,0.009522216161,-0.09853,5386
HD 18143,0.85,3177.648413,0.01122544485,-0.31953,5078
HD 183263,1.06,2958.982469,0.008382106403,0.25025,5948
HD 189733,0.79,359.1479,0.001365095021,-0.46119,5052
HD 190228,1.415,1598.676887,0.003392508145,0.697,5360
HD 190360,0.991,533.9517238,0.001617875063,0.06647,5552
HD 190984,0.91,1137.825697,0.003754490313,0.43,5988
HD 191806,1.07,2966.610351,0.008325175024,0.3483,6010
HD 196050,1.27,1493.793513,0.003531860086,0.26,5879
HD 196067,1.16,3623.24384,0.00937899309,0.549,6072
HD 202206,1.07,5689.157,0.01596543602,0.03486,5766
HD 202772 A,1.721,323.5493183,0.0005645160076,1.00945,6442
HD 203030,0.94,3496.112477,0.01116796863,-0.2272,5603
HD 204313,1.03,6334.955808,0.009234066799,0.09981,5767
HD 209458,1.23,232.0159,0.0005664078702,0.23086,6091
HD 213240,1.57,1655.886,0.003166995342,0.42935,5979
HD 214823,1.115,5914.786654,0.01592871932,0.63849,6215
HD 215497,0.92,111.2399425,0.0003630693359,-0.41,5113
HD 216437,1.22,1334.879309,0.003285479892,0.35,5909
HD 217107,1.045,1848.490015,0.002655751684,0.09754,5622
HD 217786,1.14,4402.559094,0.0115962344,0.27646,5966
HD 219077,0.92,3057.509275,0.009979220032,0.425,5362
HD 219828,1.04,5102.417246,0.01473191733,0.42,5891
HD 220689,1.016,381.3940884,0.001127189389,0.093,5921
HD 221416,1.212,60.5,0.0001498888741,0.71181,5080
HD 221420,1.351,7278.27052,0.01617668345,0.60293,5847
HD 222155,1.21,581.6259848,0.001443361355,0.50892,5701
HD 222237,0.76,1649.529432,0.006517231071,-0.66555,4751
HD 224538,1.23,2075.737326,0.005067385287,0.46982,6097
HD 23596,1.1,3786.607641,0.01033651798,0.45821,6040
HD 24040,1.11,1589.142035,0.004298890463,0.27569,5802
HD 25015,0.86,2884.92845,0.01007287021,-0.38416,5160
HD 26161,1.12,9045.396463,0.02425080876,0.39304,6057.62
HD 2685,1.43,371.8611,0.0007808387451,0.66839,6801
HD 27631,0.944,495.8123149,0.0015771099,-0.056,5737
HD 27894,0.81,2063.659847,0.00765014625,-0.449,4875
HD 28185,0.974,1906.970442,0.005878975459,-0.01323,5602
HD 28254,1.1,1207.747947,0.003296858177,0.34,5664
HD 29021,0.86,1420.692979,0.004960419724,-0.18111,5560
HD 30562,1.12,467.2077583,0.001252589209,0.45,5882
HD 32963,0.94,657.9048025,0.002101608642,0.06398,5727
HD 332231,1.1642,74.1,0.0001911204924,0.30792,6128
HD 38529,0.98,3299.058865,0.0101083584,0.8342,5697
HD 39091,1.07,4481.380539,0.01257606255,0.15957,5998
HD 43197,0.96,2500.673906,0.007821723726,-0.137,5508
HD 44219,1.2,184.3404761,0.0004612709467,0.26,5752
HD 48265,1.346,3766.266623,0.004200999681,0.58433,5769
HD 50554,1.04,1859.296181,0.005368239466,0.143,5987
HD 5388,1.21,1017.050902,0.002523910566,0.66276,6297
HD 55696,1.29,1357.127298,0.003158984671,0.43,6012
HD 62364,1.1735,13889.10139,0.01776960202,0.43297,6255
HD 66428,1.01,4039.599053,0.006004868965,0.09579,5716
HD 6718,0.96,762.7881768,0.002385884207,0.0531,5746
HD 68402,1.12,2510.844415,0.00673160187,0.06819,5950
HD 68475,0.83,1639.99458,0.005933090366,-0.44562,5022
HD 68988,1.171665,4776.960957,0.01224235242,0.22184,5883.41
HD 69123,1.68,982.0897776,0.001755329095,1.46997,4842
HD 70642,1.078,1239.530787,0.003452671023,0.01204,5732
HD 72659,1.033,7115.542376,0.01034175714,0.37397,5929
HD 73256,1,5085.254512,0.01526965893,-0.13198,5570
HD 73267,0.93,2952.308073,0.004766124387,-0.106,5387
HD 73344,1.19,810.4624379,0.002045043606,0.26184,6148
HD 74156,1.1,2753.983147,0.007517704238,0.40075,6068
HD 75898,1.295,2698.363175,0.006256728006,0.46,6122
HD 80606,1.05,1323.46927,0.003784784925,-0.00237,5565
HD 80869,1.06,1609.800881,0.004560190003,0.39977,5837
HD 81040,0.99,2301.077667,0.006979313802,-0.07676,5755
HD 81817,4.3,7668.563804,0.005355033874,3.26076,4140
HD 83443,1,476.7426105,0.001431530524,-0.10403,5442
HD 86226,1.019,143.0235,0.0004214536897,0.07188,5863
HD 86264,1.26,3117.261016,0.007428810255,0.66,6210
HD 87883,0.8,2005.497248,0.007527464673,-0.47108,4980
HD 88133,1.26,324.1866,0.0007725759012,0.49678,5392
HD 89307,1.27,642.0133821,0.001517948377,0.13131,5955
HD 89839,1.21,1748.056239,0.004337971286,0.37479,6314
HD 95086,1.6,1589,0.002982088701,0.82124,7595
HD 95544,1.01,1913.644839,0.005689270816,0.47797,5722
HD 96127,0.91,1207.747947,0.003985213181,2.86,3943
HD 98649,0.97,3082.935548,0.009543536829,-0.01412,5759
HIP 21152,1.4,7627.881768,0.01636034885,0.63565,6655
HIP 39017,1.52,7500.750405,0.01481759665,0.74788,7201
HIP 54597,0.8,762.7881768,0.002863061049,-0.68194,4799
HIP 56640,1.75,2151.698315,0.00369198539,1.05,4769
HIP 65 A,0.781,1021.18779,0.003926189183,-0.67799,4590
HIP 65891,2.5,1938.753283,0.002328622986,1.65,5000
HIP 66074,0.705,1589.142035,0.006768465836,-0.81816,4300
HIP 67537,2.316,4309.117542,0.005586842501,1.61669,4985
HIP 67851,1.28,2204.775659,0.005172149608,1.16673,4840
HIP 78530,2.5,7300,0.008767978861,1.3684,10500
HIP 8541,2.009,2451.728332,0.00366445212,1.31,4672
HIP 97233,1.81,6098.173645,0.01011667631,1.204,5020
HR 5183,1.07,1052.012027,0.002952252982,0.39748,5794
HR 810,1.34,1970.536123,0.004415666294,0.25309,6167
HR 8799,1.51,3178.3,0.006320254743,0.73347,7400
ISO-Oph 96,0.41,1080.616584,0.007914152492,-1.18009,3920
K2-107,1.3,266.9772,0.0006166623935,0.46446,6061
K2-108,1.17,59.4,0.0001524464185,0.40539,5599
K2-113,1.04,410.0007,0.001183771559,0.0086,5660
K2-114,0.863,638.8350981,0.002222770455,-0.4437,4899
K2-115,0.918,321.0066911,0.001049996971,-0.10791,5870
K2-121,0.71,51,0.000215689235,-0.74531,4526
K2-132,1.08,155.7367,0.0004329959708,0.94349,4840
K2-139,0.96,123.00021,0.0003847257567,-0.29948,5370
K2-140,0.96,295.5804185,0.0009245301303,-0.04915,5585
K2-232,1.188,126.49634,0.0003197261528,0.23805,6154
K2-237,1.256,434.153604,0.001037935614,0.3032,6180
K2-238,1.19,273.3338,0.0006897044378,0.36,5630
K2-260,1.637,546.66486,0.001002741805,0.78817,6860
K2-261,1.107,68.96876432,0.0001870774609,0.35392,5490
K2-287,1.056,100.11645,0.0002846807925,-0.10829,5695
K2-29,0.94,232.0159,0.0007411507238,-0.29533,5358
K2-290,1.194,246.00042,0.0006186544831,0.42035,6302
K2-295,0.74,106.47305,0.000432040657,-0.71623,4444
K2-30,0.9,184.02357,0.0006139706133,-0.25649,5425
K2-31,0.91,563.83042,0.001860474636,-0.11028,5280
K2-329,0.901,82.6358,0.0002753975596,-0.32514,5282
K2-34,1.16,539.67534,0.001396983341,0.3997,6168
K2-419 A,0.562,196,0.001047216312,-1.27654,3711
K2-60,0.97,135.39558,0.0004191306254,0.28233,5500
K2-97,1.17,174.4877954,0.0004478121127,0.86688,4673
K2-99,1.44,276.5107141,0.0005765886834,0.89927,6069
kap CrB,1.33,635.66,0.001435125513,1.03583,4840
KELT-1,1.335,8654.15,0.01946524146,0.545,6516
KELT-10,1.112,215.80657,0.0005827422649,0.21748,5948
KELT-11,1.44,65.15482343,0.0001358628507,0.74429,5375
KELT-12,1.591,301.9385,0.0005698557781,0.89209,6279
KELT-14,1.239,408.09372,0.000989020396,0.27875,5720
KELT-15,2.06,416.3573,0.0006068978596,0.41162,6003
KELT-16,1.211,874.0325,0.002167205435,0.4014,6236
KELT-17,1.635,416.3573,0.0007646541839,0.87564,7454
KELT-18,1.524,375.0394,0.0007389389699,0.81291,6670
KELT-2 A,1.54,540.311,0.001053512593,0.6889,6327
KELT-23 A,0.944,298.12454,0.0009482926285,0.03383,5899
KELT-24,1.268,1458.832388,0.003454639909,0.43933,6426
KELT-3,1.96,616.5902,0.0009446201145,0.62523,6304
KELT-4 A,1.201,286.68266,0.0007167621453,0.53529,6206
KELT-6,1.42,165.2716,0.000349483382,0.493,6102
KELT-7,1.76,441.7837,0.0007537262886,0.758,6768
KELT-8,0.81,209.7678,0.0007776254169,0.26483,5754
KELT-9,2.52,915.3504,0.00109069539,1.72428,10170
Kepler-101,1.17,51.1,0.000131144983,0.42034,5667
Kepler-103,1.212,58.47,0.000144859545,0.42431,6047
Kepler-111,1.118,222.4798849,0.0005975380841,0.15836,5914
Kepler-117,1.129,584.78,0.001555303723,0.53776,6150
Kepler-12,1.166,137.30256,0.0003535873563,0.44933,5947
Kepler-123,1.079,55.3,0.0001538935185,0.40952,6089
Kepler-139,1.078,378,0.001052906197,0.01598,5622
Kepler-14,1.512,2669.66,0.005301769054,0.799,6395
Kepler-15,1.018,209.76,0.0006187162735,-0.087,5515
Kepler-1514,1.196,1678.1424,0.004213221322,0.32838,6145
Kepler-1647,1.2207,483,0.001188105014,0.64425,6210
Kepler-1656,1.03,126.4,0.0003684906663,0.02083,5569
Kepler-167,0.777,321.0066911,0.001240536962,-0.5391,4884
Kepler-170,1.066,82.6,0.0002326695154,-0.05453,5679
Kepler-1704,1.132,1322.166173,0.003507165478,0.45179,5746
Kepler-203,1.06,749.9,0.002124291596,0.0937,5821
Kepler-238,1.06,169.7,0.0004807204745,0.43048,5800
Kepler-240,0.868,102.3,0.0003538934716,-0.52355,4985
Kepler-25,1.165,71.9,0.0001853188548,0.4216,6354
Kepler-272,0.91,175.8,0.00029004416,0.06634,5297
Kepler-277,1.12,151.5,0.0002030865945,0.56791,5946
Kepler-278,1.227,56,0.0001370440255,0.64933,4965
Kepler-281,0.967,978,0.001518444867,0.14638,5720
Kepler-282,0.97,117.2,0.0001814021894,0.10587,5656
Kepler-289,1.08,157.18,0.0004370087891,0.061,5990
Kepler-30,0.99,640,0.001941160395,-0.23658,5498
Kepler-317,0.865,109.8,0.0003811561006,-0.2078,5497
Kepler-39,1.29,6388.1,0.01486957783,0.34593,6350
Kepler-40,1.48,699.2,0.001418588213,0.81889,6510
Kepler-407,1,4000,0.01201092995,-0.03934,5476
Kepler-41,1.15,177.98,0.0004647185461,0.26161,5750
Kepler-412,1.167,299.07803,0.0007695384033,0.26854,5750
Kepler-413,0.82,67,0.0002453452154,-0.42994,4700
Kepler-415,0.67,119.9,0.0005373546644,-0.80504,4362
Kepler-419,1.39,3114.6,0.003364140505,0.7268,6430
Kepler-422,1.15,136.66,0.0003568290623,0.24,5972
Kepler-424,1.01,327.35,0.0009732123559,-0.15,5460
Kepler-425,0.93,79.45,0.0002565237592,-0.323,5170
Kepler-426,0.91,108.06,0.0003565662335,-0.089,5725
Kepler-427,0.96,92.17,0.0002882935972,0.29,5800
Kepler-428,0.87,403.63,0.001393095303,-0.39,5150
Kepler-43,1.32,1026.5909,0.002335286247,0.326,6041
Kepler-433,1.46,896.24,0.001843266414,0.88,6360
Kepler-434,1.198,908.96,0.002278266879,0.33,5977
Kepler-435,1.538,266.97,0.0005212220364,1.129,6161
Kepler-44,1.12,317.82,0.0008520789633,0.34743,5800
Kepler-447,1,435.41,0.001307419752,-0.19007,5493
Kepler-45,0.59,160.497,0.0008168297558,-1.27572,3820
Kepler-462,1.59,53.9,0.0001017907428,0.92588,7500
Kepler-48,0.88,657,0.002241812777,-0.28926,5194
Kepler-5,1.374,670.93913,0.001466266901,0.65242,6297
Kepler-539,1.048,1071.0871,0.001534440855,-0.06048,5820
Kepler-55,0.62,69.8,0.0003380495606,-0.76324,4362
Kepler-553,0.889,2129.450327,0.007192541817,-0.27084,5191
Kepler-56,1.32,181,0.0004117383182,0.90455,4840
Kepler-6,1.209,212.31044,0.0005273047605,0.18916,5647
Kepler-643,1,321.0083,0.0009639020509,0.47818,4908
Kepler-65,1.248,260,0.000625569268,0.4674,6220
Kepler-68,1.057,267,0.0007584953396,0.23106,5847
Kepler-7,1.359,140.16303,0.0003096924824,0.69639,5933
Kepler-74,1.18,200.22,0.0005094975411,0.3321,6000
Kepler-75,0.91,3209.9,0.01059172638,-0.21487,5200
Kepler-76,1.2,638.8383,0.001598550431,0.45116,6409
Kepler-8,1.213,187.5197,0.0004641974403,0.605,6213
Kepler-849,1.259,298.7587026,0.0007125436552,0.57287,5950
Kepler-87,1.1,324.2,0.0008849871565,0.32604,5600
Kepler-91,1.31,257.4423,0.0005900995096,1.225,4550
Kepler-94,0.81,3126,0.01158832315,-0.61348,4781
KOI-1257,0.99,460.83,0.001397726477,0.0292,5520
KOI-13,1.72,2949.4624,0.005149096841,0.971,7650
KOI-134,1.407,416.3552132,0.0004442797884,0.62325,6160
KOI-142,0.99,214.1,0.0006493788135,-0.16507,5466
KOI-1783,1.076,71,0.0001981356938,0.21302,5922
KOI-2513,0.91,7310.053361,0.02412102715,0.197,5900
KOI-3680,1.01,613.4119,0.001823675089,0.06783,5830
KOI-94,1.277,106,0.0002492479589,0.479,6182
KOI-984,0.928,209.8,0.0006788505126,-0.324,5295
KPS-1,0.892,346.4347,0.001166200368,-0.35281,5165
MASCARA-1,1.9,1175.971,0.001858487539,1.08279,7490
MASCARA-4,1.75,532.3625817,0.0009134528107,1.08743,7800
NGTS-11,0.862,109.33352,0.000380857671,-0.39518,5050
NGTS-12,1.021,66.10864,0.000194423664,0.33843,5690
NGTS-13,1.3,1538.2972,0.003553149982,0.5172,5819
NGTS-15,0.995,238.6891337,0.0007203212219,-0.08571,5600
NGTS-16,1.002,211.9915475,0.0006352833398,0.11732,5550
NGTS-17,1.025,242.820903,0.0007113426475,0.2412,5650
NGTS-18,1.003,129.9918185,0.0003891631668,0.2703,5610
NGTS-2,1.64,235.1942,0.0004306251616,0.63077,6478
NGTS-20,1.47,947.1286529,0.001934676173,0.64503,5980
NGTS-21,0.72,750.0750405,0.003128159294,-0.53854,4660
NGTS-23,1.01,194.8288135,0.0005792265422,0.2833,6057
NGTS-24,1.26,165.2707716,0.0003938602501,0.44592,5820
NGTS-25,0.91,203.0923521,0.0006701450586,-0.29158,5321
NGTS-26,0.96,92.80589484,0.0002902825785,0.10106,5550
NGTS-27,1.07,188.4722454,0.0005289081625,0.51375,5700
NGTS-3 A,1.017,756.4354,0.00223340526,-0.144,5600
NGTS-30,0.94,305.1152707,0.0009746590804,-0.18738,5455
NGTS-31,0.96,355.9678158,0.00111341263,0.443,5710
NGTS-32,1.07,181.162192,0.000508394018,0.47092,5680
NGTS-33,1.6,1153.717117,0.002165189918,0.77159,7437
NGTS-35,0.789,152,0.0005784731787,-0.59688,4717
NGTS-5,0.661,72.78307,0.0003306325095,-0.51087,4987
NGTS-6,0.767,425.57437,0.001666083424,-0.59176,4730
NGTS-8,0.89,295.5819,0.0009972509815,-0.20993,5241
NGTS-9,1.34,921.707,0.002065402651,0.38944,6330
nu Oct A,1.57,696.0442113,0.001331232207,1.12057,4910
nu Oph,2.61,14896.05644,0.008568749539,1.89476,4887
OGLE-2018-BLG-0740L,1,1500,0.00450409873,#NUM!,5912
OGLE-TR-10,1.14,197.046,0.0005190144084,0.188,5950
OGLE-TR-132,1.305,375.02,0.0008629001817,0.371,6210
OGLE-TR-182,1.14,320.995,0.0008454930829,0.24059,5924
OGLE-TR-211,1.33,327.351,0.0007390582573,0.26657,6325
OGLE-TR-56,1.228,441.77,0.001080225676,0.35,6050
OGLE2-TR-L9,1.52,1430.175,0.002825284825,0.51197,6933
PDS 70,0.982,3400.763955,0.005199381062,-0.45593,4109
PH2,0.966,87.08498352,0.0002706965933,-0.05849,5734
POTS-1,0.695,734.16,0.003171922421,-1.0869,4400
Qatar-1,0.838,411.27202,0.001473675245,-0.43771,5013
Qatar-10,1.156,233.92288,0.0006076192311,0.29951,6124
Qatar-3,1.145,1369.8473,0.003592388637,0.27875,6007
Qatar-4,0.896,1938.763,0.006497306522,-0.31785,5215
Qatar-5,1.128,1373.0256,0.003654989871,0.05614,5747
Qatar-6,0.822,212.31044,0.0007755613813,-0.51428,5052
Qatar-7,1.409,597.5204,0.001273381062,0.56348,6387
Qatar-8,1.029,117.91493,0.0003440884266,0.22789,5738
Qatar-9,0.719,378.2177,0.001579536265,-0.82102,4309
ROXs 12,0.87,5085,0.01755045367,-0.79013,3850
TIC 139270665,1.035,147.1545524,0.0004269234349,0.03222,5844
TIC 147027702,1.406,346.4329636,0.0007398616745,0.83251,6410
TIC 172900988 Aa,1.2384,942,0.002284055234,0.67103,6050
TIC 183374187,0.853,177.9839079,0.0006265393463,0.23952,5768
TIC 237913194,1.026,617.22586,0.001806397799,0.07773,5788
TIC 241249530,1.271,1582.785467,0.003739324422,0.40824,6166
TIC 245076932,1.117,162.0924876,0.0004357389241,0.32428,6130
TIC 257060897,1.187,201.50321,0.0005097390353,0.60531,5993
TIC 279401253,1.13,1951.466419,0.005185603197,0.09691,5951
TIC 393818343,1.082,1379.375286,0.003827999061,0.06744,5756
TIC 46432937,0.563,1017.050902,0.005424390382,-1.3851,3572
TIC 4672985,1.01,4049.133905,0.01203808507,0.11394,5757
TIC 87422071,1.239,409.998645,0.0009936370064,0.44716,6150
TOI-1107,1.35,1064.725163,0.002368210991,0.67117,6311
TOI-1130,0.745,336,0.001354252504,-0.85387,4360
TOI-1181,1.467,374.7196919,0.0007669959046,0.64246,6054
TOI-1194,0.9835,120,0.0003663730538,-0.1512,5394
TOI-1199,1.23,75.96098927,0.0001854394554,0.30428,5710
TOI-1232,1.058,279.0533414,0.0003959936359,0.07298,5823
TOI-1259 A,0.746,141,0.0005675405906,-0.58996,4775
TOI-1268,0.96,96.4,0.0003015243872,-0.28785,5300
TOI-1273,1.06,70.55790635,0.0001998740732,0.02938,5690
TOI-1278,0.54,5879.82553,0.03269545025,-1.21183,3799
TOI-1294,1.1578,63.9,0.0001657234461,0.36847,5718
TOI-1295,1.38,451.3163379,0.0009820161084,0.58659,6280
TOI-1296,1.1576,95.3,0.0002472014564,0.40157,5567
TOI-1298,1.2187,99,0.0002439242768,0.32056,5752
TOI-1333,1.464,753.2571,0.00154496555,0.71349,6274
TOI-1338 A,1.0936,75.4,0.0002070281908,0.32898,5723.2
TOI-1408,1.312,593,0.001357180156,0.47129,6117
TOI-1431,1.9,991.6246298,0.001567149206,1.06819,7690
TOI-1478,0.947,279.6889982,0.0008868334117,-0.01278,5597
TOI-150,1.351,797.7533,0.001773086418,0.49651,6255
TOI-1516,1.14,1004.337766,0.002645401437,0.39065,6520
TOI-1518,1.88,581.6259848,0.000928971936,0.98408,7299
TOI-157,0.948,375.0394,0.001187914547,0.01995,5404
TOI-159,1.661,1110,0.00200664242,0.82217,7287
TOI-1601,1.5055,387,0.000771874774,0.74772,5982
TOI-163,1.4352,387.7526,0.0008112578935,0.63649,6495
TOI-1670,1.21,200.2318964,0.0004968948927,0.40046,6170
TOI-169,1.147,251.40353,0.0006581495613,0.25261,5880
TOI-172,1.128,1722.6386,0.004585658588,0.4609,5645
TOI-1736,1.0373,2800,0.008105322436,0.27068,5636
TOI-1775,0.9218,96,0.0003127167701,-0.31605,5284
TOI-1789,1.507,222.4798849,0.0004432963358,0.7364,5991
TOI-1811,0.817,308.9292116,0.001135412215,-0.56019,4766
TOI-1820,1.04,731.0053361,0.002110589876,0.29432,5734
TOI-1823,0.8414,67.4,0.0002405326475,-0.46092,4927
TOI-1842,1.4643,89.4,0.0001833260154,0.69504,6039
TOI-1853,0.837,73.2,0.0002626045615,-0.43227,4985
TOI-1855,0.987,360.0995851,0.001095524542,-0.09474,5359
TOI-1898,1.2484,129,0.0003102791499,0.55121,6241
TOI-1899,0.632,212.9450327,0.001011735708,-1.05685,3926
TOI-1937 A,1.072,638.8350981,0.001789413155,0.0799,5814
TOI-199,0.936,143.0227832,0.000229411943,-0.33819,5255
TOI-1994,1.86,7024.007795,0.01133936365,1.22272,7700
TOI-2000,1.082,81.7,0.0002267312793,0.05956,5611
TOI-201,1.32,5154,0.005862152741,0.41664,6423
TOI-2010,1.112,408.7273314,0.001103686004,0.11361,5929
TOI-2025,1.199,1144.182265,0.002865448923,0.38739,5977
TOI-2031 A,1.174,254.2627256,0.0006503261893,0.39094,6490
TOI-2046,1.13,731.0053361,0.001942489797,0.27967,6250
TOI-2107,0.961,263.7975778,0.0008242596845,-0.10458,5627
TOI-2109,1.453,1595.498603,0.00329721644,0.67302,6540
TOI-2152,1.516,899.4543918,0.001781544144,0.65321,6630
TOI-2154,1.233,292.4021344,0.0007120887171,0.43457,6280
TOI-2158,1.12,260.6192937,0.0006987232321,0.2308,5673
TOI-2169 A,1.42,329.5880581,0.0006969470205,0.66558,6270
TOI-2180,1.111,875.6172613,0.002366556612,0.40552,5695
TOI-2184,1.53,206.5884646,0.0004054443751,0.98154,5966
TOI-2193 A,1.082,298.7587026,0.0008291057873,0.25018,5966
TOI-2202,0.832,404.5955621,0.0007301035086,-0.40121,5156.5
TOI-2207,1.296,203.4101805,0.0004712857693,0.4843,6101
TOI-2236,1.343,502.1688831,0.001122769039,0.53275,6248
TOI-2295,1.168,278.0998561,0.0007149481785,0.31387,5730
TOI-2328,0.95,50.85254512,0.0001607332518,-0.17005,5525
TOI-2337,1.325,508.5254512,0.001152427089,0.689,4780
TOI-2338,0.99,1900.613874,0.005764681842,-0.01323,5581
TOI-2346,1.271,394.1072247,0.0009310767638,0.48144,6480
TOI-2364,0.954,71.51139158,0.0002250834158,-0.25181,5306
TOI-2368,0.897,206.5884646,0.0006915606397,-0.27491,5360
TOI-2373,1.041,2955.804185,0.008525926273,0.05115,5651
TOI-2374,0.802,61.65871096,0.000230853634,-0.54516,5002
TOI-2379,0.645,1830.691624,0.008522600331,-1.12907,3707
TOI-2382,1.26,235.1930212,0.0005604934328,0.37967,6033
TOI-2384,0.635,624.8506482,0.002954739119,-1.11907,3943
TOI-2416,1.118,953.485221,0.002560877503,0.197,5808
TOI-2421,1.131,105.8368595,0.0002809900764,0.436,5607
TOI-2447,1.034,124.906564,0.0003627282373,0.04891,5730
TOI-2449,1.079,222,0.0006178003819,0.14808,6021
TOI-2497,1.859,1531.932922,0.002474440426,1.16732,7360
TOI-2524,1.007,203.4101805,0.000606540573,0.11628,5831
TOI-2525,0.849,208.8132634,0.000738528115,-0.44009,5096
TOI-2529,1.11,743.7184724,0.002011880737,0.46389,5802
TOI-2537,0.771,415.401728,0.001617821353,-0.52143,4870
TOI-2567,1.13,63.88350981,0.000169756717,0.40483,5611
TOI-2570,1.063,260.6192937,0.000736190047,0.07882,5771
TOI-2580,1.33,200.2318964,0.0004520622708,0.61595,6120
TOI-2583 A,1.215,79.45710175,0.0001963690705,0.38828,5936
TOI-2587 A,1.15,69.28659273,0.0001809122634,0.47129,5760
TOI-2589,0.93,1112.399425,0.003591653645,-0.00436,5579
TOI-2641,1.16,122.6817651,0.0003175694152,0.34044,6100
TOI-2669,1.19,193.8753283,0.0004892065097,0.906,4800
TOI-2714,1.07,228,0.0006398345859,0.16017,5665
TOI-2796,1.063,139.8444991,0.0003950288057,0.05538,5764
TOI-2803 A,1.118,309.8826968,0.0008322851885,0.33646,6280
TOI-2818,0.977,225.658169,0.0006935425945,0.16435,5721
TOI-2842,1.135,117.5965106,0.0003111108922,0.24551,5910
TOI-2876,0.939,54.03082919,0.000172779687,-0.27654,5271
TOI-2886,1.229,444.9597698,0.001087140078,0.32222,6240
TOI-2969,0.71,368.6809521,0.001559225735,-0.58503,4738
TOI-2977,0.936,533.9517238,0.001712942508,0.03703,5691
TOI-2981,1.03,638,0.001859944977,0.11594,5940
TOI-2986,1.122,96.61983573,0.0002585771119,0.36773,5906
TOI-2989,0.77,953.485221,0.003718261102,-0.73755,4672
TOI-2992,1.21,1058.368595,0.002626444433,0.4456,6000
TOI-3023,1.12,197.0536123,0.0005283029316,0.44404,5760
TOI-3071,1.29,68.2,0.0001587491129,0.41667,6177
TOI-3135,1.044,327.3632592,0.0009415558365,0.02119,5890
TOI-3160 A,1.088,378.2158043,0.001043824341,0.3784,6190
TOI-3235,0.3939,211.3558907,0.001611183547,-1.78968,3388.8
TOI-3288,0.643,536.1765226,0.002503879725,-0.95195,4072
TOI-332,0.88,57.2,0.0001951776116,-0.22143,5251
TOI-3321,1.041,176.0769375,0.0005078885113,0.40483,5850
TOI-3331 A,1.016,721.4704839,0.002132266595,-0.09313,5609
TOI-3364,1.186,530.7734397,0.00134382011,0.28556,5706
TOI-3464,1.363,397.2855088,0.0008752326512,0.55871,6370
TOI-3474,1.121,193.8753283,0.0005193182396,0.26951,6020
TOI-3486,0.837,99.16246298,0.000355744742,-0.4828,4930
TOI-3523 A,1.131,435.4249176,0.001156025239,0.51455,6450
TOI-3540 A,1.081,375.0375203,0.001041755176,0.19005,5810
TOI-3593,1.015,565.7345645,0.001673644882,-0.14146,5550
TOI-3629,0.63,82.63538582,0.0003938602501,-1.12494,3870
TOI-3682,1.32,69.28659273,0.0001576129567,0.45788,5703
TOI-3688 A,1.199,311.4718389,0.0007800388734,0.2833,5950
TOI-3693,0.867,324.1849751,0.001122769039,-0.3439,5321
TOI-3714,0.53,222.4798849,0.001260467128,-1.40671,3660
TOI-375,1.441,236.7821632,0.0004934028409,0.75997,5259.9
TOI-3757,0.64,85.3,0.0004002079392,-1.06048,3913
TOI-3807,1.181,330.5415433,0.0008404130653,0.33244,5772
TOI-3819,1.242,352.7895318,0.000852924789,0.39967,5859
TOI-3837,0.89,187.5187601,0.0006326614302,0.19618,5905
TOI-3856,1.096,171.6273398,0.0004702107561,0.00087,5622
TOI-3862,0.9,53.7,0.0001791630384,-0.19443,5300
TOI-3877,1.16,99.7981198,0.0002583336693,0.3075,5731
TOI-3894,1.138,260.6192937,0.0006876713708,0.41896,6000
TOI-3912,1.088,129.0383332,0.0003561283044,0.27323,5725
TOI-3919,1.208,1233.174219,0.003065308187,0.33606,6100
TOI-3976 A,1.254,55.61997123,0.000133183329,0.41296,5975
TOI-3980,1.24,187.5187601,0.0004540876394,0.44248,5840
TOI-4087,1.178,232.0147371,0.0005914076303,0.17609,6060
TOI-4127,1.23,743.7184724,0.001815599689,0.31639,6096
TOI-4137,1.313,457.6729061,0.001046663597,0.43933,6202
TOI-4145 A,0.905,136.666215,0.0004534498162,-0.28735,5281
TOI-4153,1.572,365.5026681,0.0006981595008,0.71349,6860
TOI-4201,0.61,788.2144494,0.003879995301,-1.11919,3794
TOI-4214,1.382,165.2707716,0.0003590911108,0.48287,6370
TOI-4329,1.538,143.0227832,0.0002792322219,0.79931,6000
TOI-4377,1.36,304.1617855,0.0006715562312,0.82217,4974
TOI-4379,1.372,353.743017,0.0007741950795,0.63749,6020
TOI-4406,1.19,95.3485221,0.0002405933654,0.36173,6219
TOI-4463 A,1.056,252.3557552,0.0007175727502,0.01115,5640
TOI-4465,0.93,1872.009317,0.006044239991,-0.07267,5545
TOI-4487 A,1.378,397.2855088,0.0008657054453,0.55267,6206
TOI-4504,0.89,1647.558896,0.002779313832,-0.20761,5315
TOI-4515,0.949,637,0.002015532765,-0.23582,5433
TOI-4551,1.31,473.5643264,0.00108548625,0.80277,4896
TOI-4582,1.34,168.4490557,0.0003774682477,0.612,5190
TOI-4603,1.765,4096.808166,0.006969755791,1.01703,6264
TOI-4666,0.576,155.418091,0.000810206512,-1.19518,3793
TOI-4734,1.391,61.65871096,0.0001331018077,0.62428,6070
TOI-4773,1.452,1687.668841,0.00349009508,0.64836,6740
TOI-4791,1.242,734.1836202,0.001775005642,0.38021,6058
TOI-4794,1.25,308.2935548,0.0007405784579,0.49969,6390
TOI-481,1.14,486.2799,0.00128084952,0.43457,5735
TOI-4860,0.34,86.7,0.0007656967841,-1.83565,3260
TOI-4914,1.03,227,0.0006617672567,0.00903,5805
TOI-4961,0.912,572.0911326,0.001883592795,-0.20135,5380
TOI-4994,1.005,88.99195396,0.0002658895833,0.0086,5640
TOI-5007,0.632,211.0380623,0.001002675388,-1.09528,3793
TOI-5027,1.02,642.0133821,0.001889994548,-0.03058,5909
TOI-5110,1.469,921.7023803,0.001884020204,0.84696,6160
TOI-5153,1.24,1036.120607,0.002509026618,0.46423,6300
TOI-5181 A,1.25,330.5415433,0.0007940222641,0.45788,6060
TOI-519,0.335,147.1545524,0.001319002254,-1.85078,3322
TOI-5205,0.392,343,0.002627390926,-1.7122,3430
TOI-5210,1.105,81.99972901,0.0002228264708,0.15229,5723
TOI-5232,1.389,743.7184724,0.001607766464,0.71265,6500
TOI-5261,1.037,3651.848396,0.01057427562,0.02078,5790
TOI-5292 A,0.596,412.8591007,0.002080042675,-1.10127,3919
TOI-5293 A,0.54,170.4,0.000947528918,-1.37414,3586
TOI-530,0.53,127.1313628,0.0007202669305,-1.3098,3659
TOI-5300,0.67,190.6970442,0.0008546450891,-0.76195,4610
TOI-5301,1.483,1182.321674,0.002393928321,0.81624,6240
TOI-532,0.639,61.5,0.0002889953802,-1.09528,3927
TOI-5322,0.998,184.0226477,0.0005536781386,0.3075,5692
TOI-5340,1.35,270.154146,0.0006008893559,0.5955,5990
TOI-5344,0.612,130.9453037,0.0006424733943,-1.21254,3747
TOI-5349,0.61,127.4,0.0006271280636,-1.20066,3751
TOI-5350,1.167,2094.489202,0.005389195176,0.33445,6220
TOI-5386 A,1.165,155.1002626,0.0003997636028,0.28488,6094
TOI-5398,1.146,58.7,0.0001538048839,0.11725,6000
TOI-5422,1.066,8899.195396,0.02506745133,0.35218,5820
TOI-5542,0.89,419.5334972,0.001415445912,1.057,5700
TOI-5573,0.619,112,0.0005433053934,-1.15927,3790
TOI-558,1.349,1147.360549,0.002553904222,0.54654,6466
TOI-559,1.026,1910.148726,0.005590317382,0.22737,5925
TOI-5592,1.194,285.7277379,0.0007185627813,0.4216,6237
TOI-564,0.998,464.98529,0.001399024485,0.03262,5640
TOI-5688 A,0.6,124,0.0006205647139,-1.22841,3713
TOI-5786,1.23,73,0.0001782109525,0.39733,6235
TOI-5882,1.334,6995.403238,0.01574612036,0.75358,5920
TOI-5916,0.477,226.6116542,0.001426528671,-1.45223,3613
TOI-6016,1.31,371.8592362,0.0008523616862,0.4609,6110
TOI-6029,1.548,519.6494454,0.001007989839,0.79934,6223
TOI-6034,0.514,254,0.001483840567,-1.4034,3635
TOI-6038 A,1.291,78.5,0.0001825828816,0.53275,6110
TOI-6130,1.31,333.7198274,0.0007649399748,0.4609,6110
TOI-615,1.449,138.2553571,0.0002865036936,0.7679,6850
TOI-622,1.313,96.30200732,0.0002202354653,0.47407,6400
TOI-628,1.311,2011.8639,0.004608000832,0.39445,6250
TOI-6303,0.644,2493,0.01162393182,-1.08672,3977
TOI-6330,0.531,3179,0.01797681088,-1.43168,3539
TOI-640,1.536,181.162192,0.000354154687,0.83442,6460
TOI-6420,1.165,2606.192937,0.006717339227,0.31175,6020
TOI-6628,0.97,235.1930212,0.0007280636343,-0.08778,5463
TOI-6651,1.323,61,0.0001384479831,0.52244,5940
TOI-6695,1.338,66.74396547,0.0001497864525,0.54033,6400
TOI-672,0.54,50.9,0.0002830353399,-1.31885,3810
TOI-677,1.181,392.2002542,0.0009971824256,0.31172,6295
TOI-6894,0.207,53.39517238,0.0007745479166,-2.42597,3007
TOI-7149,0.344,224,0.001955267666,-1.91542,3363
TOI-762 A,0.442,79.77493016,0.0005419519783,-1.73283,3266
TOI-837,1.142,120.4569663,0.0003167250839,0.1271,5995
TOI-858 B,1.081,349.6112477,0.0009711277069,0.25285,5842
TOI-892,1.28,301.9385,0.0007083129241,0.43136,6261
TOI-905,0.968,211.99261,0.0006576003068,-0.13668,5570
TOI-954,1.201,55.30242,0.0001382667553,0.53529,5710
TrES-1,1.04,266.9772,0.0007708279919,-0.30071,5230
TrES-2,1.36,473.5667,0.001045583908,0.03841,5850
TrES-3,0.928,607.03,0.001964168859,-0.20412,5650
TrES-4,1.08,247.9074,0.0006892588923,0.72552,6200
TrES-5,0.901,568.9157,0.001896006276,-0.34382,5171
UCAC3 113-933,0.61,6674.396547,0.03285479892,-1.19385,3864
WASP-1,1.24,271.415,0.0006572472886,0.44091,6110
WASP-100,0.77,400.4658,0.00156167749,0.76571,6900
WASP-101,1.41,162.0933,0.0003451934878,0.42052,6380
WASP-102,1.08,197.6892692,0.0005496370284,0.35701,5990
WASP-103,1.22,473.547,0.00116552046,0.413,6110
WASP-104,1.076,404.263,0.001128153944,-0.18964,5475
WASP-105,0.89,572.094,0.00193016319,-0.02427,5070
WASP-106,1.175,613.4088255,0.001567576688,0.42198,6002
WASP-11,1.42,251.0857,0.0005309459073,0,4800
WASP-110,0.814,154.7824342,0.0005709708152,-0.229,5392
WASP-113,1.318,150.96925,0.0003439455777,0.51621,5890
WASP-114,1.289,562.24127,0.001309744086,0.33294,5940
WASP-116,1.25,203.4101805,0.0004886290856,0.49624,6250
WASP-117,1.29,95.349,0.0002219438293,0.27413,6040
WASP-118,1.32,163.36462,0.0003716214027,0.65885,6410
WASP-119,1.02,390.9309,0.001150844033,0.07465,5650
WASP-12,1.325,467.2101,0.001058797695,0.59711,6265
WASP-120,1.393,1541.4755,0.003322784322,0.67509,6450
WASP-121,1.33,371.8592362,0.0008395442172,0.64372,6628
WASP-123,1.166,285.72917,0.0007358218363,0.16234,5740
WASP-124,1.07,190.698,0.0005351542801,0.14934,6050
WASP-129,1,317.83,0.0009543584662,0.11182,5900
WASP-13,0.72,114.4188,0.0004771792331,0.43636,5950
WASP-130,1.04,390.9309,0.001128712417,-0.03215,5625
WASP-131,1.06,86.76715511,0.00024579109,0.53005,5990
WASP-132,0.789,136.0305582,0.0005176975618,-0.57512,4686
WASP-133,1.16,368.6828,0.0009543584662,0.30545,5700
WASP-135,0.98,603.877,0.001850286822,-0.32573,5675
WASP-136,1.41,479.9208946,0.001022038341,0.82265,6250
WASP-138,1.22,387.7526,0.0009543584662,0.43503,6272
WASP-14,1.62,2809.6172,0.005207733853,0.42732,6475
WASP-140,0.9,775.5052,0.002587371842,-0.29437,5300
WASP-141,1.25,854.9627,0.002053779419,0.31468,5900
WASP-142,1.33,266.9772,0.0006027527155,0.51325,6010
WASP-147,1.044,87.40325,0.000251387527,0.28685,5702
WASP-148,0.954,215.8054884,0.0003396258651,-0.13906,5555
WASP-149,1.05,314.9679513,0.000900728095,0.04343,5750
WASP-15,1.18,171.6282,0.000436740315,0.49,6300
WASP-150,1.394,2688.8418,0.005791874192,0.55826,6218
WASP-151,1.081,100.4337766,0.0002789785049,0.14485,5871
WASP-153,1.336,123.9537,0.000278592666,0.45958,5914
WASP-154,0.8,198.9605828,0.0007467817568,-0.50063,4774
WASP-155,1.09,276.8285425,0.0007626073925,0.14142,5660
WASP-157,1.06,182.43442,0.0005167941128,0.07934,5772
WASP-16,1.78,394.1092,0.0006648339877,0.01005,5700
WASP-160 B,0.87,88.35674,0.0003049559237,-0.31796,5298
WASP-161,1.39,791.3967,0.001709606173,0.64738,6400
WASP-163,0.97,594.3421,0.001839845703,-0.07572,5500
WASP-164,0.946,676.9779,0.002148819802,-0.06732,5806
WASP-165,1.248,209.13214,0.0005031793836,0.42831,5599
WASP-169,1.337,178.30263,0.0004004451006,0.78882,6110
WASP-17,2.28,247.9074,0.0003264910542,0.61272,6550
WASP-170,0.93,508.528,0.001641907039,-0.11351,5600
WASP-171,1.171,344.52772,0.0008834539516,0.67172,5965
WASP-174,1.24,104.8833743,0.000253981222,0.43616,6399
WASP-175,1.212,314.6517,0.0007795502323,0.78882,6229
WASP-176,1.345,271.74465,0.0006066739692,0.61653,5941
WASP-177,0.876,161.45764,0.0005534407544,-0.41167,5017
WASP-178,2.07,527.5978,0.0007653309439,1.21484,9360
WASP-18,1.257,3297.049751,0.003938010501,0.39351,6416
WASP-180 A,1.3,286.047,0.0006607097074,0.31533,6600
WASP-181,1.04,95.03117,0.000274378059,0.04879,5839
WASP-183,0.784,159.55066,0.0006110815689,-0.20873,5313
WASP-184,1.23,181.1631,0.0004422636795,0.50133,6000
WASP-185,1.12,311.4734,0.0008350636579,0.41219,5900
WASP-186,1.22,1341.2426,0.00330114158,0.50022,6361
WASP-187,1.54,254.264,0.0004957706318,0.96727,6150
WASP-188,1.5,458.6263913,0.0009180882429,0.74277,6850
WASP-189,2.03,632.4785299,0.0009355486842,1.31471,8000
WASP-19,0.965,366.7739817,0.001141268549,-0.04335,5616
WASP-190,1.35,317.83,0.0007069321972,0.69146,6400
WASP-192,1.09,731.009,0.00201378392,0.28203,5910
WASP-194,1.29,373.1305498,0.0008685358323,0.48157,6405
WASP-197,1.36,403.3242485,0.0008904961938,0.77067,6050
WASP-2,0.895,295.89973,0.0009927460693,-0.31336,5180
WASP-20,1.2,98.841,0.0002473275681,0.239,5940
WASP-22,1.46,212.9461,0.0004379590222,0.245,6000
WASP-23,0.78,280.95,0.001081561144,-0.37679,5150
WASP-24,1.43,394.1092,0.0008275555931,0.33131,6075
WASP-25,0.962,179.2552216,0.000559517128,-0.143,5697
WASP-26,0.86,270.1555,0.0009432612747,0.28725,6034
WASP-28,0.993,282.5494538,0.0008544012327,0.15,6084
WASP-29,0.77,73.1009,0.0002850681133,-0.52509,4800
WASP-3,1.62,772.3269,0.001431537699,0.43416,6400
WASP-31,1.163,151.916,0.0003922296719,0.33572,6302
WASP-32,0.72,835.8929,0.003486059397,0.19345,6140
WASP-34,0.96,177.9848,0.0005567091053,0.0393,5700
WASP-35,1.05,225.6593,0.0006453281057,0.1443,5990
WASP-36,1.081,750.39663,0.002084403644,0.00087,5959
WASP-37,0.925,572.07,0.00185705208,-0.021,5800
WASP-38,1.76,1093.3352,0.001865337002,0.45294,6180
WASP-39,0.913,89.31023,0.0002937291665,-0.12792,5485
WASP-4,0.899,381.3940884,0.001273887007,-0.17897,5436
WASP-41,0.81,270.1555,0.001001487279,-0.19512,5545
WASP-42,0.951,167.49641,0.0005288611059,-0.36094,5315
WASP-43,0.58,565.714,0.002928772079,-0.82509,4400
WASP-44,0.935,276.5121,0.0008880126905,-0.19777,5420
WASP-45,0.85,306.38812,0.001082354778,-0.33555,5150
WASP-46,0.828,607.0553,0.002201479071,-0.11113,5600
WASP-47,1.058,374,0.00106145742,0.03167,5565
WASP-48,0.88,254.264,0.0008675986056,0.58013,5920
WASP-49,0.92,117.5971,0.0003838180788,-0.05339,5600
WASP-5,0.96,502.15,0.00157064804,0.06717,5700
WASP-50,0.892,466.828704,0.001571481743,-0.19792,5400
WASP-52,0.87,146.2,0.0005045971144,-0.35366,5000
WASP-53,0.839,677.61356,0.00242513975,-0.46344,4953
WASP-54,1.08,187.5197,0.0005213624954,0.57477,6100
WASP-55,1.071,186.2474465,0.0005221767116,0.16259,6096
WASP-56,0.71,143.0235,0.0006048750842,0.10256,5600
WASP-57,0.886,204.68252,0.0006936871921,-0.00509,5600
WASP-58,1.06,308.2951,0.0008733280304,0.16,5800
WASP-59,0.719,274.276,0.001145448478,-0.79407,4650
WASP-6,0.854,148.4258661,0.0005218772481,-0.29675,5438
WASP-60,1.19,174.8065,0.0004410900474,0.34748,5900
WASP-61,1.82,851.7844,0.00140531906,0.42541,6250
WASP-62,1.11,165.2716,0.000447086849,0.3456,6230
WASP-63,1.28,117.5971,0.0002758692441,0.44936,5550
WASP-64,1.004,403.945,0.001208106349,-0.022,5400
WASP-65,0.93,492.62,0.001590544169,0.05497,5600
WASP-66,1.33,746.9005,0.001686272478,0.63724,6600
WASP-67,0.91,136.6669,0.0004509605939,-0.29441,5200
WASP-68,1.49,343.2564,0.0006917497607,0.505,5910
WASP-69,0.83,82.58,0.0002987537937,-0.48149,4792
WASP-7,1.276,305.1168,0.0007180126392,0.53682,6400
WASP-70 A,1.106,187.512,0.0005090853291,0.1624,5763
WASP-71,0.76,441.7837,0.001745471405,0.76845,6050
WASP-72,2.78,731.009,0.0007895771483,0.724,6250
WASP-73,2.52,908.9938,0.001083121116,0.79502,6030
WASP-74,0.98,228.8376,0.0007011613221,0.39971,5990
WASP-75,1.14,340.06,0.0008957098328,0.30426,6100
WASP-76,1.458,284.1385959,0.0005851798302,0.65418,6329
WASP-77 A,0.903,529.311429,0.001760111432,-0.12901,5617
WASP-78,1.87,352.7913,0.0005664908543,0.76274,6100
WASP-79,1.39,270.154146,0.0005835975758,0.66447,6600
WASP-8,1.34,807.2882,0.001809007839,-0.05754,5600
WASP-80,0.577,170.99254,0.0008898524347,-1.03998,4143
WASP-81,1.08,231.69807,0.0006441919647,0.24551,5870
WASP-82,1.48,371.8611,0.0007544590577,0.79422,6480
WASP-83,1.11,95.349,0.0002579347206,-0.04966,5510
WASP-84,0.853,220,0.0007744444866,-0.325,5280
WASP-88,0.94,133.4886,0.0004264154849,0.72351,6430
WASP-89,0.92,1875.197,0.006120342338,-0.34333,5130
WASP-90,1.55,200.2329,0.0003879005379,0.63014,6430
WASP-91,0.84,425.8922,0.001522428982,-0.3827,4920
WASP-92,1.19,255.85315,0.000645595433,0.27461,6280
WASP-93,1.334,467.2101,0.001051654382,0.61784,6700
WASP-94 A,1.67,158.915,0.0002857360677,0.50992,6170
WASP-95,1.46,457.6752,0.0009412850626,0.17781,5830
WASP-96,1.06,152.55,0.0004321385291,0.00217,5540
WASP-97,1.18,432.2488,0.001099938571,0.07149,5640
WASP-98,0.809,293.03926,0.001087661936,-0.3578,5473
WASP-99,1.21,772.3269,0.001916604192,0.5433,6150
WTS-1,1.2,1274.44,0.003189001992,0.08842,6250
WTS-2,0.82,355.9696,0.001303514003,-0.28812,5000
XEST 17-036,0.26,3368.981114,0.03890826553,#NUM!,3551
XO-1,0.88,263.7989,0.0009001335534,-0.08628,5750
XO-2 N,0.96,199.91507,0.00062530362,-0.08823,5290
XO-3,1.449,4217.582961,0.008740009228,0.69197,6970
XO-4,1.1,451.3186,0.00123199002,0.53558,6397
XO-5,1.04,378.2,0.001091955218,-0.06,5430
XO-7,1.405,225.34147,0.0004815944146,0.43132,6250
Grand Total,1.085,937572.6671,0.002667265438,0.247845,5752