hostname,pl_name,pl_massj,st_met,pl_massjlim,st_metlim
HD 18599,HD 18599 b,0.0758270798619961,0.0,0,0
K2-10,K2-10 b,0.0792880669096391,-0.07,0,0
Kepler-221,Kepler-221 d,0.0113583302199919,0.0616,0,0
Kepler-128,Kepler-128 b,0.0119246735550608,-0.03,0,0
Kepler-272,Kepler-272 c,0.308,0.04,0,0
CoRoT-3,CoRoT-3 b,21.66,0.14,0,0
GJ 179,GJ 179 b,0.95,0.3,0,0
GQ Lup,GQ Lup b,20.0,-0.35,0,0
GJ 876,GJ 876 b,2.2756,0.2129,0,0
HD 86226,HD 86226 b,0.45,0.018,0,0
HD 86226,HD 86226 c,0.0228109366642545,0.018,0,0
GJ 876,GJ 876 d,0.021,0.2129,0,0
GJ 876,GJ 876 e,0.046,0.2129,0,0
CoRoT-17,CoRoT-17 b,2.43,0.0,0,0
HD 55696,HD 55696 b,4.27,0.37,0,0
Kepler-595,Kepler-595 c,0.0103829091023503,0.406,0,0
Kepler-595,Kepler-595 b,0.0547462479942107,0.406,0,0
OGLE-TR-111,OGLE-TR-111 b,0.55,0.19,0,0
TOI-2374,TOI-2374 b,0.194,0.128,0,0
CoRoT-18,CoRoT-18 b,3.47,-0.1,0,0
Kepler-45,Kepler-45 b,0.505,0.28,0,0
WASP-23,WASP-23 b,0.884,-0.05,0,0
OGLE-TR-211,OGLE-TR-211 b,1.03,0.11,0,0
HN Peg,HN Peg b,21.9987,-0.036,0,0
CoRoT-11,CoRoT-11 b,2.33,-0.03,0,0
CoRoT-13,CoRoT-13 b,1.308,0.01,0,0
OGLE-TR-10,OGLE-TR-10 b,0.62,0.28,0,0
CoRoT-8,CoRoT-8 b,0.22,0.3,0,0
Kepler-18,Kepler-18 c,0.054,0.19,0,0
Kepler-18,Kepler-18 b,0.022,0.19,0,0
HD 189733,HD 189733 b,1.13,-0.02,0,0
Kepler-4,Kepler-4 b,0.077,0.17,0,0
WASP-38,WASP-38 b,3.44,-0.02,0,0
Kepler-30,Kepler-30 c,2.01,0.18,0,0
HD 106315,HD 106315 b,0.0396438347544285,-0.311,0,0
HIP 41378,HIP 41378 g,0.0214266561767715,0.046,0,0
Kepler-18,Kepler-18 d,0.052,0.19,0,0
HAT-P-37,HAT-P-37 b,1.169,0.03,0,0
HD 129445,HD 129445 b,2.51,0.25,0,0
Kepler-419,Kepler-419 c,7.3,0.176,0,0
WASP-67,WASP-67 b,0.43,-0.07,0,0
CoRoT-14,CoRoT-14 b,7.6,0.05,0,0
Kepler-419,Kepler-419 b,2.5,0.176,0,0
WASP-43,WASP-43 b,1.78,-0.05,0,0
CoRoT-6,CoRoT-6 b,2.96,-0.2,0,0
WASP-31,WASP-31 b,0.478,-0.2,0,0
Kepler-59,Kepler-59 c,0.0119876005922907,-0.2,0,0
Kepler-416,Kepler-416 b,0.183,0.1259,0,0
HAT-P-22,HAT-P-22 b,2.47,0.24,0,0
L 98-59,L 98-59 b,0.00144732185628706,-0.46,0,0
HAT-P-18,HAT-P-18 b,0.197,0.1,0,0
Kepler-59,Kepler-59 b,0.0129000426321238,-0.2,0,0
HD 82943,HD 82943 c,1.959,0.26,0,0
HD 82943,HD 82943 b,1.681,0.26,0,0
Kepler-30,Kepler-30 b,0.036,0.18,0,0
Kepler-65,Kepler-65 d,0.013,0.17,0,0
Kepler-55,Kepler-55 b,0.135,-0.01,0,0
Kepler-413,Kepler-413 b,0.211,-0.2,0,0
WASP-14,WASP-14 b,8.84,0.0,0,0
HAT-P-2,HAT-P-2 b,9.02,0.18,0,0
HAT-P-42,HAT-P-42 b,1.044,0.27,0,0
WASP-59,WASP-59 b,0.863,-0.15,0,0
HAT-P-39,HAT-P-39 b,0.599,0.19,0,0
KOI-55,KOI-55 b,0.0014,-0.106,0,0
WTS-2,WTS-2 b,1.12,0.2,0,0
KOI-55,KOI-55 c,0.0021,-0.106,0,0
HAT-P-13,HAT-P-13 b,0.851,0.46,0,0
HD 95086,HD 95086 b,5.0,0.14,0,0
Kepler-77,Kepler-77 b,0.43,0.2,0,0
HIP 41378,HIP 41378 f,0.0377562223379234,0.046,0,0
HATS-5,HATS-5 b,0.237,0.19,0,0
WTS-1,WTS-1 b,4.01,-0.5,0,0
Kepler-297,Kepler-297 c,0.132,-0.11,0,0
CoRoT-26,CoRoT-26 b,0.52,0.01,0,0
CoRoT-25,CoRoT-25 b,0.27,-0.01,0,0
Kepler-139,Kepler-139 c,0.040902574199417,0.35,0,0
Kepler-11,Kepler-11 d,0.023,0.05,0,0
Kepler-11,Kepler-11 b,0.006,0.05,0,0
GU Psc,GU Psc b,11.3,0.1,0,0
HAT-P-45,HAT-P-45 b,0.892,0.07,0,0
HAT-P-27,HAT-P-27 b,0.62,0.3,0,0
HD 190984,HD 190984 b,3.58,-0.48,0,0
Kepler-422,Kepler-422 b,0.43,0.23,0,0
Kepler-426,Kepler-426 b,0.34,-0.21,0,0
Kepler-16,Kepler-16 b,0.333,-0.3,0,0
KOI-94,KOI-94 d,0.334,0.0228,0,0
KOI-94,KOI-94 b,0.033,0.0228,0,0
Kepler-35,Kepler-35 b,0.127,-0.34,0,0
HD 50554,HD 50554 b,5.85,-0.04,0,0
Kepler-428,Kepler-428 b,1.27,0.09,0,0
Kepler-425,Kepler-425 b,0.25,0.24,0,0
WASP-70 A,WASP-70 A b,0.59,-0.006,0,0
KOI-94,KOI-94 e,0.11,0.0228,0,0
Kepler-396,Kepler-396 c,0.056,0.1558,0,0
HD 166724,HD 166724 b,3.8,-0.09,0,0
Kepler-122,Kepler-122 f,0.113,-0.08,0,0
Kepler-96,Kepler-96 b,0.027,0.04,0,0
KOI-13,KOI-13 b,9.28,0.2,0,0
Kepler-17,Kepler-17 b,2.45,0.26,0,0
CoRoT-23,CoRoT-23 b,2.8,0.05,0,0
HD 150706,HD 150706 b,2.43,-0.01,0,0
Kepler-414,Kepler-414 c,0.094,0.18,0,0
HAT-P-1,HAT-P-1 b,0.525,0.13,0,0
Kepler-33,Kepler-33 c,0.00122707107573231,0.025,0,0
Kepler-415,Kepler-415 b,0.377,0.01,0,0
Kepler-338,Kepler-338 e,0.027,-0.029,0,0
Kepler-33,Kepler-33 e,0.0175250920303307,0.025,0,0
Kepler-46,Kepler-46 c,0.376,0.41,0,0
Kepler-33,Kepler-33 f,0.0302048264795645,0.025,0,0
Kepler-33,Kepler-33 d,0.0123021741182393,0.025,0,0
HAT-P-53,HAT-P-53 b,1.484,0.0,0,0
Kepler-276,Kepler-276 d,0.051,-0.29,0,0
Kepler-114,Kepler-114 c,0.009,0.2291,0,0
WASP-83,WASP-83 b,0.3,0.29,0,0
WASP-89,WASP-89 b,5.9,0.15,0,0
HATS-6,HATS-6 b,0.319,0.2,0,0
Kepler-450,Kepler-450 c,0.0393292011452663,0.1278,0,0
Kepler-81,Kepler-81 c,0.014,-0.18,0,0
Kepler-412,Kepler-412 b,0.941,0.27,0,0
Kepler-92,Kepler-92 b,0.202,0.1381,0,0
Kepler-44,Kepler-44 b,1.0,0.15,0,0
Kepler-41,Kepler-41 b,0.56,0.38,0,0
Kepler-450,Kepler-450 d,0.055375515212535,0.1278,0,0
POTS-1,POTS-1 b,2.31,-0.03,0,0
Kepler-350,Kepler-350 d,0.047,0.041,0,0
Kepler-238,Kepler-238 f,0.042,0.34,0,0
Kepler-287,Kepler-287 c,0.207659222858579,0.117,0,0
WASP-24,WASP-24 b,1.24,0.0,0,0
WASP-21,WASP-21 b,0.3,-0.22,0,0
K2-237,K2-237 b,1.366,0.337,0,0
Kepler-87,Kepler-87 b,1.02,-0.17,0,0
Kepler-75,Kepler-75 b,10.1,0.3,0,0
Kepler-74,Kepler-74 b,0.63,0.42,0,0
Kepler-145,Kepler-145 c,0.25,-0.0014,0,0
Kepler-328,Kepler-328 b,0.09,0.08,0,0
Kepler-56,Kepler-56 c,0.57,0.2,0,0
XO-5,XO-5 b,1.19,0.05,0,0
Kepler-447,Kepler-447 b,1.37,0.07,0,0
Kepler-56,Kepler-56 b,0.07,0.2,0,0
WASP-16,WASP-16 b,1.24,0.01,0,0
WASP-17,WASP-17 b,0.78,-0.25,0,0
HAT-P-54,HAT-P-54 b,0.76,-0.127,0,0
Kepler-226,Kepler-226 b,0.076,0.09,0,0
WASP-26,WASP-26 b,0.85,0.16,0,0
WASP-33,WASP-33 b,2.093,0.1,0,0
HATS-14,HATS-14 b,1.071,0.33,0,0
Kepler-11,Kepler-11 f,0.006,0.05,0,0
Kepler-11,Kepler-11 e,0.025,0.05,0,0
Kepler-11,Kepler-11 c,0.009,0.05,0,0
WASP-57,WASP-57 b,0.644,-0.25,0,0
HAT-P-50,HAT-P-50 b,1.35,-0.18,0,0
HD 106906,HD 106906 b,11.0,0.04,0,0
Kepler-282,Kepler-282 d,0.192,-0.2,0,0
Kepler-19,Kepler-19 c,0.0412170028002391,-0.08,0,0
HAT-P-34,HAT-P-34 b,3.33,0.22,0,0
WASP-37,WASP-37 b,1.8,-0.4,0,0
WASP-90,WASP-90 b,0.63,0.11,0,0
Kepler-276,Kepler-276 c,0.052,-0.29,0,0
Kepler-305,Kepler-305 b,0.033,0.09,0,0
WASP-52,WASP-52 b,0.46,0.03,0,0
WASP-75,WASP-75 b,1.07,0.07,0,0
WASP-135,WASP-135 b,1.9,0.02,0,0
Kepler-91,Kepler-91 b,0.81,0.11,0,0
CoRoT-7,CoRoT-7 b,0.01282637,0.05,0,0
HAT-P-66,HAT-P-66 b,0.783,0.035,0,0
WASP-118,WASP-118 b,0.514,0.16,0,0
WASP-7,WASP-7 b,0.96,0.0,0,0
XO-4,XO-4 b,1.42,-0.04,0,0
KELT-2 A,KELT-2 A b,1.7,0.0,0,0
K2-30,K2-30 b,0.579,-0.15,0,0
WASP-101,WASP-101 b,0.51,0.2,0,0
NGTS-33,NGTS-33 b,3.63,-0.11,0,0
HAT-P-30,HAT-P-30 b,0.83,0.13,0,0
Kepler-317,Kepler-317 b,0.345,0.13,0,0
Kepler-338,Kepler-338 b,0.096,-0.029,0,0
GJ 3470,GJ 3470 b,0.0437340716735362,0.2,0,0
WASP-155,WASP-155 b,0.871,0.0,0,0
Kepler-351,Kepler-351 c,0.035,-0.16,0,0
Kepler-114,Kepler-114 b,0.00342952352902804,0.2291,0,0
Kepler-349,Kepler-349 b,0.297,0.1509,0,0
Kepler-359,Kepler-359 c,0.00912437466570179,-0.29,0,0
K2-29,K2-29 b,0.73,0.16,0,0
Kepler-244,Kepler-244 d,0.048,0.07,0,0
Kepler-254,Kepler-254 c,0.01,-0.13,0,0
WASP-92,WASP-92 b,0.805,0.0,0,0
Kepler-138,Kepler-138 d,0.00660733890913659,-0.18,0,0
WASP-50,WASP-50 b,1.4688,-0.12,0,0
Kepler-281,Kepler-281 b,1.01941800312393,0.02,0,0
HD 27894,HD 27894 d,6.493,0.3,0,0
TOI-2986,TOI-2986 b,0.304,0.095,0,0
WASP-154,WASP-154 b,0.626,0.2,0,0
TOI-5678,TOI-5678 b,0.0629270372298723,0.0,0,0
TOI-836,TOI-836.01,0.0302049778703387,-0.284,0,0
WASP-77 A,WASP-77 A b,1.6654,-0.1,0,0
TOI-6324,TOI-6324 b,0.00368123167794753,-0.32,0,0
TOI-1422,TOI-1422 b,0.0298903426841893,-0.028,0,0
TOI-5786,TOI-5786 b,0.229683685889034,0.08,0,0
TOI-4914,TOI-4914 b,0.71422187255905,-0.13,0,0
Kepler-350,Kepler-350 b,0.0531733464592421,0.041,0,0
Kepler-351,Kepler-351 b,0.015,-0.16,0,0
Kepler-310,Kepler-310 d,0.0220243526413492,-0.12,0,0
Kepler-85,Kepler-85 e,0.00188780165497278,0.12,0,0
K2-419 A,K2-419 A b,0.617,-0.11,0,0
TOI-4794,TOI-4794 b,0.97,-0.102,0,0
Kepler-326,Kepler-326 b,0.14,0.2385,0,0
HATS-33,HATS-33 b,1.192,0.29,0,0
TOI-2154,TOI-2154 b,0.92,0.011,0,0
TOI-4666,TOI-4666 b,0.489,0.79,0,0
WASP-194,WASP-194 b,1.174,0.0,0,0
TOI-2338,TOI-2338 b,5.98,0.22,0,0
K2-55,K2-55 b,0.138439481905719,0.376,0,0
K2-60,K2-60 b,0.426,0.01,0,0
Kepler-102,Kepler-102 d,0.00943905558448084,0.11,0,0
HD 20329,HD 20329 b,0.0233459308122826,-0.07,0,0
Kepler-339,Kepler-339 c,0.023,0.033,0,0
Kepler-339,Kepler-339 d,0.046,0.033,0,0
KOI-1257,KOI-1257 b,1.45,0.27,0,0
Gaia-5,Gaia-5 b,20.87,-0.18,0,0
WASP-8,WASP-8 b,2.54,0.17,0,0
Kepler-107,Kepler-107 b,0.0119561370736757,0.321,0,0
KELT-12,KELT-12 b,0.95,0.19,0,0
TOI-2443,TOI-2443 b,0.0151024889351693,-0.29,0,0
NGTS-24,NGTS-24 b,0.52,0.27,0,0
KELT-7,KELT-7 b,1.39,0.0,0,0
TOI-216,TOI-216.02,0.059,0.32,0,0
Kepler-245,Kepler-245 d,0.068,0.12,0,0
Kepler-359,Kepler-359 d,0.00849510744737753,-0.29,0,0
Kepler-184,Kepler-184 c,0.028,-0.1958,0,0
Kepler-423,Kepler-423 b,0.595,-0.1,0,0
TOI-2093,TOI-2093 c,0.0497123594115991,-0.08,0,0
TOI-1266,TOI-1266 b,0.0140327293022615,-0.109,0,0
HD 222237,HD 222237 b,5.19,-0.32,0,0
WASP-195,WASP-195 b,0.104,0.0,0,0
KELT-11,KELT-11 b,0.205,0.17,0,0
HD 167677,HD 167677 b,2.85,-0.29,0,0
TOI-469,HIP 29442 d,0.0161722485680772,0.24,0,0
TOI-3819,TOI-3819 b,1.11,0.273,0,0
TOI-561,TOI-561 b,0.0063556307602171,-0.41,0,0
TOI-2180,TOI-2180 b,2.755,0.253,0,0
TOI-1180,TOI-1180 b,0.0314635186149361,0.067,0,0
LHS 1140,LHS 1140 c,0.0060095320554528,-0.15,0,0
L 98-59,L 98-59 c,0.00629270372298723,-0.46,0,0
L 98-59,L 98-59 d,0.00516001705284953,-0.46,0,0
TOI-469,HIP 29442 c,0.0141585833767213,0.24,0,0
WASP-136,WASP-136 b,1.51,-0.18,0,0
TOI-1439,TOI-1439 b,0.121134546667504,0.226,0,0
HD 118203,HD 118203 c,11.79,0.287,0,0
Kepler-93,Kepler-93 b,0.0146619996745602,-0.18,0,0
WASP-185,WASP-185 b,0.98,-0.02,0,0
K2-199,K2-199 c,0.0390147630825208,-0.01,0,0
TOI-3688 A,TOI-3688 A b,0.98,0.262,0,0
NGTS-30,NGTS-30 b,0.96,-0.03,0,0
TOI-406,TOI-406 c,0.00654441187190672,-0.02,0,0
Kepler-221,Kepler-221 c,0.0292610723118906,0.0616,0,0
Kepler-407,Kepler-407 c,12.6,0.33,0,0
Kepler-427,Kepler-427 b,0.29,-0.19,0,0
TOI-4961,TOI-4961 b,1.8,0.206,0,0
HD 24040,HD 24040 b,5.0,0.19,0,0
TOI-1759,TOI-1759 b,0.033980600104131,0.05,0,0
TOI-5110,TOI-5110 b,2.9,0.065,0,0
WASP-148,WASP-148 c,0.392,0.099,0,0
Kepler-226,Kepler-226 c,0.142,0.09,0,0
Kepler-113,Kepler-113 b,0.037,0.05,0,0
Kepler-48,Kepler-48 d,0.025,0.17,0,0
TOI-2525,TOI-2525 c,0.657,0.14,0,0
55 Cnc,55 Cnc f,0.141,0.39,0,0
Kepler-161,Kepler-161 b,0.0082749053957282,0.24,0,0
Kepler-211,Kepler-211 c,0.058,0.151,0,0
TOI-2202,TOI-2202 b,0.904,0.059,0,0
Kepler-131,Kepler-131 c,0.026,0.12,0,0
Kepler-231,Kepler-231 c,0.076,-0.1,0,0
Kepler-197,Kepler-197 c,0.017,-0.441,0,0
TOI-1450 A,TOI-1450 A b,0.00395811064175897,-0.12,0,0
TOI-1420,TOI-1420 b,0.0789734317234897,0.28,0,0
HD 23472,HD 23472 e,0.0022653733402754,-0.2,0,0
EPIC 220674823,EPIC 220674823 c,0.0248561797057995,-0.005,0,0
TOI-544,TOI-544 b,0.00909295687971654,-0.17,0,0
HATS-66,HATS-66 b,5.33,-0.017,0,0
WASP-1,WASP-1 b,0.854,0.17,0,0
HD 224018,HD 224018 d,0.0132146778182732,0.05,0,0
TOI-4487 A,TOI-4487 A b,1.25,0.216,0,0
HAT-P-44,HAT-P-44 b,0.352,0.33,0,0
Kepler-435,Kepler-435 b,0.84,-0.18,0,0
Qatar-5,Qatar-5 b,4.32,0.377,0,0
TOI-2145,TOI-2145 b,5.68,0.28,0,0
HATS-56,HATS-56 b,0.602,0.19,0,0
HAT-P-12,HAT-P-12 b,0.211,-0.29,0,0
TOI-2046,TOI-2046 b,2.3,-0.06,0,0
HD 215497,HD 215497 c,0.35,0.23,0,0
HAT-P-33,HAT-P-33 b,0.92,0.05,0,0
HD 149026,HD 149026 b,0.38,0.32,0,0
HD 100508,HD 100508 b,1.2,0.33,0,0
HATS-16,HATS-16 b,3.27,-0.1,0,0
TOI-1799,TOI-1799 b,0.0125854074459745,-0.064,0,0
HD 191939,HD 191939 b,0.0314635186149361,-0.15,0,0
TOI-333,TOI-333 b,0.0632416724160216,0.01,0,0
Kepler-19,Kepler-19 b,0.019192746355111,-0.13,0,0
TOI-1411,TOI-1411 b,0.00629270372298723,0.012,0,0
K2-285,K2-285 c,0.0493345499166221,0.0,0,0
WASP-62,WASP-62 b,0.52,0.04,0,0
TOI-824,TOI-824 b,0.0581033886039707,-0.092,0,0
nu Oph,nu Oph c,24.662,0.1,0,0
HD 32963,HD 32963 b,2.07,0.11,0,0
HIP 78530,HIP 78530 b,23.0,-0.5,0,0
TOI-1516,TOI-1516 b,3.16,-0.05,0,0
TOI-332,TOI-332 b,0.179971326477435,0.256,0,0
K2-265,K2-265 b,0.0231,0.033,0,0
WASP-2,WASP-2 b,0.931,0.12,0,0
WASP-28,WASP-28 b,0.889,-0.2,0,0
Kepler-79,Kepler-79 e,0.013,-0.0731,0,0
Kepler-79,Kepler-79 c,0.019,-0.0731,0,0
Kepler-79,Kepler-79 b,0.0343,-0.0731,0,0
WASP-180 A,WASP-180 A b,0.9,0.1,0,0
TOI-421,TOI-421 b,0.0210805574720072,-0.044,0,0
HD 108341,HD 108341 b,2.25,0.04,0,0
TOI-521,TOI-521 b,0.0166756648659162,-0.12,0,0
TOI-5542,TOI-5542 b,1.32,-0.21,0,0
TOI-1789,TOI-1789 b,0.7,0.373,0,0
CoRoT-28,CoRoT-28 b,0.484,0.15,0,0
WASP-98,WASP-98 b,0.922,-0.49,0,0
HIP 66074,HIP 66074 b,5.0,0.12,0,0
TOI-3135,TOI-3135 b,1.03,0.071,0,0
TOI-4087,TOI-4087 b,0.73,0.237,0,0
TOI-286,TOI-286 c,0.0117044289247562,-0.05,0,0
TOI-2019,TOI-2019 b,0.10823450403538,0.409,0,0
NGTS-10,NGTS-10 b,2.162,-0.02,0,0
TOI-2076,TOI-2076 e,0.01478785374902,-0.09,0,0
TOI-1117,TOI-1117 b,0.0280025315672932,0.136,0,0
K2-140,K2-140 b,0.93,0.1,0,0
Kepler-434,Kepler-434 b,2.86,0.25,0,0
Kepler-433,Kepler-433 b,2.82,-0.01,0,0
HATS-43,HATS-43 b,0.261,0.05,0,0
2MASS J04372171+2651014,2M0437 b,4.0,0.01,0,0
TOI-4773,TOI-4773 b,5.31,0.11,0,0
TOI-762 A,TOI-762 A b,0.251,0.357,0,0
HD 207897,HD 207897 b,0.0465660075501055,-0.03,0,0
TOI-1736,TOI-1736 b,0.0387001278963715,0.148,0,0
NGTS-21,NGTS-21 b,2.36,-0.26,0,0
HD 75302,HD 75302 b,5.4,0.0857,0,0
TOI-4495,TOI-4495 b,0.0242269093335008,0.18,0,0
kap CrB,kap CrB b,2.0,0.09,0,0
TOI-244,TOI-244 b,0.00843222298880288,-0.39,0,0
TOI-2295,TOI-2295 b,0.875,0.316,0,0
Kepler-432,Kepler-432 b,5.41,-0.07,0,0
TOI-500,TOI-500 b,0.00446781964332093,0.12,0,0
Wolf 327,Wolf 327 b,0.00796027020957884,-0.17,0,0
Kepler-1513,Kepler-1513 b,0.152,0.17,0,0
OGLE2-TR-L9,OGLE2-TR-L9 b,4.5,-0.05,0,0
GJ 9827,GJ 9827 d,0.00950198262171071,-0.29,0,0
TOI-5007,TOI-5007 b,0.664,0.43,0,0
Kepler-1655,Kepler-1655 b,0.0169903000520655,-0.24,0,0
HAT-P-68,HAT-P-68 b,0.724,-0.059,0,0
NGTS-15,NGTS-15 b,0.751,0.15,0,0
TOI-5688 A,TOI-5688 A b,0.39,0.47,0,0
Kepler-20,Kepler-20 b,0.0305196130564881,0.07,0,0
Kepler-1972,Kepler-1972 c,0.00663880242775152,0.23,0,0
TOI-5592,TOI-5592 b,0.899,-0.013,0,0
HR 858,HR 858 b,0.0111695491083023,0.025,0,0
TOI-4127,TOI-4127 b,2.34,0.14,0,0
HD 111998,HD 111998 b,4.8,0.07,0,0
TOI-3464,TOI-3464 b,1.25,0.045,0,0
K2-131,K2-131 b,0.0248561797057995,-0.04,0,0
TOI-561,TOI-561 c,0.0186578665386571,-0.41,0,0
TOI-1853,TOI-1853 b,0.230312956261333,0.11,0,0
WASP-32,WASP-32 b,2.63,-0.13,0,0
TOI-2989,TOI-2989 b,3.0,-0.04,0,0
TOI-1136,TOI-1136 c,0.0198849437646396,0.07,0,0
TOI-1246,TOI-1246 d,0.0169903000520655,0.168,0,0
TOI-4860,TOI-4860 b,0.273,0.27,0,0
Kepler-30,Kepler-30 d,0.073,0.18,0,0
Kepler-454,Kepler-454 b,0.0169903000520655,0.32,0,0
K2-157,K2-157 b,0.0036,0.02,0,0
NGTS-34,NGTS-34 b,0.060095320554528,0.228,0,0
Qatar-2,Qatar-2 b,2.494,0.02,0,0
WASP-66,WASP-66 b,2.35,-0.31,0,0
Qatar-8,Qatar-8 b,0.371,0.025,0,0
TOI-1347,TOI-1347 b,0.0349245056625791,0.04,0,0
TOI-3523 A,TOI-3523 A b,1.37,-0.366,0,0
KELT-18,KELT-18 b,1.18,0.09,0,0
TOI-431,TOI-431 d,0.0311488834287868,0.2,0,0
WASP-197,WASP-197 b,1.269,0.0,0,0
TOI-1136,TOI-1136 e,0.0190983557992662,0.07,0,0
K2-287,K2-287 b,0.315,0.2,0,0
K2-138,K2-138 b,0.00975364188402605,0.14,0,0
CoRoT-1,CoRoT-1 b,1.03,-0.3,0,0
TOI-1758,TOI-1758 b,0.0217098278443059,-0.02,0,0
TOI-5108,TOI-5108 b,0.100683259567796,0.2,0,0
WASP-84,WASP-84 b,0.692,0.0,0,0
Kepler-1513,Kepler-1513 c,0.266,0.17,0,0
TOI-6628,TOI-6628 b,0.74,0.36,0,0
TOI-238,TOI-238 c,0.0210805574720072,-0.114,0,0
HATS-54,HATS-54 b,0.753,0.37,0,0
TOI-5340,TOI-5340 b,0.85,0.208,0,0
HD 165131,HD 165131 b,18.7,0.06,0,0
HAT-P-19,HAT-P-19 b,0.277,0.166,0,0
HATS-57,HATS-57 b,3.147,0.268,0,0
WASP-34,WASP-34 b,0.56,-0.02,0,0
WASP-3,WASP-3 b,2.43,0.0,0,0
TOI-4010,TOI-4010 d,0.120033323515981,0.37,0,0
TOI-5734,TOI-5734 b,0.0286318019395919,-0.13,0,0
NGTS-17,NGTS-17 b,0.764,0.15,0,0
Kepler-10,Kepler-10 c,0.0355223125162629,-0.15,0,0
Kepler-1972,Kepler-1972 b,0.0063556307602171,0.23,0,0
HD 87883,HD 87883 b,6.31,0.11,0,0
TOI-815,TOI-815 c,0.0739392687450999,-0.09,0,0
Kepler-25,Kepler-25 d,0.226,0.11,0,0
TOI-3331 A,TOI-3331 A b,2.27,0.148,0,0
K2-132,K2-132 b,0.49,-0.01,0,0
Kepler-444,Kepler-444 e,0.000314633609162131,-0.55,0,0
Kepler-444,Kepler-444 d,0.000629267218324262,-0.55,0,0
TOI-763,TOI-763 b,0.0308026303369726,0.01,0,0
TOI-615,TOI-615 b,0.435,-0.1,0,0
AF Lep,AF Lep b,3.61,0.19,0,0
TOI-1338 A,TOI-1338 c,0.237234930356618,0.01,0,0
14 Her,HD 145675 c,7.9,0.43,0,0
WASP-60,WASP-60 b,0.55,-0.04,0,0
TOI-776,TOI-776 b,0.0157317593074681,-0.21,0,0
KELT-24,KELT-24 b,4.59,0.138,0,0
TOI-858 B,TOI-858 B b,1.1,0.153,0,0
WASP-13,WASP-13 b,0.36,0.0,0,0
WASP-10,WASP-10 b,3.15,0.03,0,0
HAT-P-32,HAT-P-32 b,0.68,-0.16,0,0
Kepler-104,Kepler-104 b,0.062,-0.42,0,0
TOI-2416,TOI-2416 b,3.0,0.32,0,0
WASP-102,WASP-102 b,0.622,-0.2,0,0
HATS-32,HATS-32 b,0.92,0.39,0,0
HAT-P-46,HAT-P-46 b,0.493,0.3,0,0
TOI-125,TOI-125 b,0.0298901928704024,-0.02,0,0
TOI-125,TOI-125 d,0.0427901708460498,-0.02,0,0
HD 143361,HD 143361 b,4.35,0.14,0,0
WASP-11,WASP-11 b,0.79,0.0,0,0
WASP-192,WASP-192 b,2.3,0.14,0,0
WASP-44,WASP-44 b,0.87,-0.003,0,0
HAT-P-5,HAT-P-5 b,0.98,0.24,0,0
HAT-P-8,HAT-P-8 b,1.28,0.01,0,0
Kepler-139,Kepler-139 f,0.11326866701377,0.35,0,0
TOI-836,TOI-836 b,0.0142529739325661,-0.284,0,0
TOI-1246,TOI-1246 b,0.0254854500780983,0.17,0,0
HD 191939,HD 191939 c,0.0251708148919489,-0.15,0,0
Qatar-10,Qatar-10 b,0.736,0.016,0,0
Gliese 12,Gliese 12 b,0.00298903426841893,-0.24,0,0
HD 209458,HD 209458 b,0.73,0.01,0,0
KELT-3,KELT-3 b,1.94,0.05,0,0
WASP-133,WASP-133 b,1.16,0.29,0,0
TOI-564,TOI-564 b,1.463,0.143,0,0
Kepler-1656,Kepler-1656 c,0.4,0.19,0,0
HATS-55,HATS-55 b,0.921,0.108,0,0
WASP-183,WASP-183 b,0.502,-0.31,0,0
WASP-170,WASP-170 b,1.6,0.22,0,0
TOI-1472,TOI-1472 b,0.057,0.27,0,0
TOI-532,TOI-532 b,0.193500639481857,0.338,0,0
LP 714-47,LP 714-47 b,0.0969071516219363,0.41,0,0
HD 106270,HD 106270 b,11.4,0.06,0,0
HATS-10,HATS-10 b,0.526,0.15,0,0
HATS-61,HATS-61 b,3.4,0.247,0,0
Kepler-60,Kepler-60 c,0.012113393952742,-0.09,0,0
WASP-49,WASP-49 b,0.37,-0.23,0,0
WASP-15,WASP-15 b,0.54,-0.17,0,0
K2-32,K2-32 e,0.00660733890913659,-0.06,0,0
Kepler-411,Kepler-411 b,0.0805462039455055,0.21,0,0
NGTS-16,NGTS-16 b,0.667,0.35,0,0
K2-31,K2-31 b,1.774,0.08,0,0
K2-39,K2-39 b,0.09,0.32,0,0
TOI-4515,TOI-4515 b,2.005,0.05,0,0
LTT 1445 A,LTT 1445 A b,0.00858954058187756,-0.34,0,0
AU Mic,AU Mic c,0.0454962479171977,0.01,0,0
HAT-P-7,HAT-P-7 b,1.84,0.26,0,0
AU Mic,AU Mic b,0.0282857032348276,0.01,0,0
WASP-63,WASP-63 b,0.37,0.08,0,0
TOI-3540 A,TOI-3540 A b,1.18,0.176,0,0
HATS-62,HATS-62 b,0.179,0.133,0,0
NGTS-12,NGTS-12 b,0.208,-0.03,0,0
55 Cnc,55 Cnc e,0.0251392253720542,0.35,0,0
K2-329,K2-329 b,0.26,0.098,0,0
NGTS-18,NGTS-18 b,0.409,0.15,0,0
HD 136352,HD 136352 b,0.0148507807862499,-0.24,0,0
HD 221420,HD 221420 b,22.9,0.33,0,0
HD 136352,HD 136352 c,0.0353649949231882,-0.24,0,0
TOI-6255,TOI-6255 b,0.0045307466805508,-0.14,0,0
TOI-157,TOI-157 b,1.18,0.24,0,0
Kepler-414,Kepler-414 b,0.011,0.18,0,0
TOI-1333,TOI-1333 b,2.37,0.119,0,0
HD 136352,HD 136352 d,0.0277508234183737,-0.24,0,0
HAT-P-61,HAT-P-61 b,1.057,0.194,0,0
TOI-849,TOI-849 b,0.131517507810433,0.19,0,0
HD 68988,HD 68988 c,15.03,0.3052,0,0
WASP-121,WASP-121 b,1.17,0.17,0,0
TOI-663,TOI-663 b,0.0140012657836466,0.07,0,0
TOI-1259 A,TOI-1259 A b,0.441,-0.5,0,0
Qatar-4,Qatar-4 b,6.1,0.103,0,0
K2-113,K2-113 b,1.29,0.27,0,0
TOI-150,TOI-150.01,2.51,0.28,0,0
TOI-2107,TOI-2107 b,0.83,0.07,0,0
HD 16175,HD 16175 b,5.9,0.3,0,0
K2-146,K2-146 c,0.02358,-0.02,0,0
TOI-1248,TOI-1248 b,0.086210041004925,0.223,0,0
Qatar-7,Qatar-7 b,1.88,0.276,0,0
HATS-22,HATS-22 b,2.74,0.0,0,0
HAT-P-38,HAT-P-38 b,0.267,0.06,0,0
TOI-5232,TOI-5232 b,2.34,-0.104,0,0
V1298 Tau,V1298 Tau e,0.0481391834808523,0.1,0,0
V1298 Tau,V1298 Tau c,0.01478785374902,0.1,0,0
HAT-P-64,HAT-P-64 b,0.58,-0.113,0,0
HATS-40,HATS-40 b,1.59,0.01,0,0
TOI-431,TOI-431 b,0.00965930021478539,0.2,0,0
GJ 317,GJ 317 b,2.5,-0.02,0,0
HR 858,HR 858 d,0.0223390982166047,0.025,0,0
HATS-74 A,HATS-74 A b,1.46,0.514,0,0
TOI-1278,TOI-1278 b,18.5,-0.01,0,0
WASP-97,WASP-97 b,1.36,0.23,0,0
Kepler-98,Kepler-98 b,0.011,0.18,0,0
WASP-46,WASP-46 b,1.91,-0.3,0,0
WASP-48,WASP-48 b,0.8,-0.12,0,0
TOI-1130,TOI-1130 b,0.0622977668575736,0.11,0,0
TOI-1130,TOI-1130 c,1.05717422546185,0.11,0,0
WASP-18,WASP-18 b,10.2,0.107,0,0
XO-2 N,XO-2 N b,0.629,0.37,0,0
WASP-96,WASP-96 b,0.48,0.14,0,0
WASP-127,WASP-127 b,0.1647,-0.193,0,0
NGTS-2,NGTS-2 b,0.74,-0.06,0,0
WASP-18,WASP-18 c,0.173677752257496,0.08,0,0
LTT 9779,LTT 9779 b,0.0922505742063367,0.27,0,0
TOI-201,TOI-201 b,0.516001705284953,0.24,0,0
COCONUTS-2 A,COCONUTS-2 b,7.5,0.0,0,0
WASP-6,WASP-6 b,0.467,-0.15,0,0
TOI-4336 A,TOI-4336 A b,0.0104773516987737,0.14,0,0
TOI-201,TOI-201 d,0.018248840796663,0.24,0,0
TOI-201,TOI-201 c,15.7002957888531,0.24,0,0
TOI-4336 A,TOI-4336 A c,0.0048768453853151,0.14,0,0
Kepler-1704,Kepler-1704 b,4.16,0.196,0,0
GJ 1132,GJ 1132 b,0.00578,-0.17,0,0
PDS 70,PDS 70 b,3.2,-0.11,0,0
TOI-1064,TOI-1064 b,0.0424757501301638,0.05,0,0
TrES-5,TrES-5 b,1.79,0.2,0,0
WASP-114,WASP-114 b,1.769,0.14,0,0
WASP-25,WASP-25 b,0.564,-0.2,0,0
TOI-1064,TOI-1064 c,0.00786587965373403,0.05,0,0
TOI-1295,TOI-1295 b,1.42,0.26,0,0
K2-115,K2-115 b,1.01,-0.198,0,0
XO-1,XO-1 b,0.83,0.02,0,0
WASP-190,WASP-190 b,1.0,-0.02,0,0
TOI-480,TOI-480 b,0.0654441187190672,0.164,0,0
TRAPPIST-1,TRAPPIST-1 b,0.00432308745769223,0.052,0,0
TRAPPIST-1,TRAPPIST-1 d,0.00122078452225952,0.052,0,0
TRAPPIST-1,TRAPPIST-1 e,0.00217727548815358,0.052,0,0
TRAPPIST-1,TRAPPIST-1 g,0.00415633080903306,0.052,0,0
TRAPPIST-1,TRAPPIST-1 h,0.00102571070684692,0.052,0,0
HATS-26,HATS-26 b,0.65,-0.02,0,0
WASP-186,WASP-186 b,4.22,-0.08,0,0
TOI-4552,TOI-4552 b,0.00575782390653331,-0.07,0,0
TOI-3837,TOI-3837 b,0.59,-0.26,0,0
HATS-17,HATS-17 b,1.338,0.3,0,0
TOI-3894,TOI-3894 b,0.82,0.021,0,0
WASP-68,WASP-68 b,1.08,0.22,0,0
HAT-P-56,HAT-P-56 b,2.31,0.0,0,0
WASP-79,WASP-79 b,0.85,0.03,0,0
HD 106515 A,HD 106515 A b,18.9,0.03,0,0
TOI-3785,TOI-3785 b,0.0470379603293295,0.099,0,0
HATS-13,HATS-13 b,0.543,0.05,0,0
WASP-47,WASP-47 e,0.0283171667534425,0.43,0,0
TOI-4379,TOI-4379 b,1.113,0.16,0,0
TOI-4582,TOI-4582 b,0.53,0.17,0,0
TOI-5153,TOI-5153 b,3.26,0.12,0,0
HATS-67,HATS-67 b,1.45,0.332,0,0
TOI-4145 A,TOI-4145 A b,0.43,0.168,0,0
TOI-1269,TOI-1269 b,0.0201366519135591,-0.049,0,0
WASP-178,WASP-178 b,1.66,0.21,0,0
HD 25463,HD 25463 b,0.0273732611949944,-0.018,0,0
HD 73583,HD 73583 b,0.0320927889872349,0.0,0,0
HD 73583,HD 73583 c,0.0305196130564881,0.0,0,0
K2-232,K2-232 b,0.398,0.1,0,0
WASP-42,WASP-42 b,0.527,0.29,0,0
TOI-1775,TOI-1775 b,0.302049778703387,0.162,0,0
TOI-2796,TOI-2796 b,0.44,0.239,0,0
TOI-2136,TOI-2136 b,0.0200422613577143,0.03,0,0
HATS-31,HATS-31 b,0.88,0.0,0,0
Wolf 503,Wolf 503 b,0.01969616265295,-0.47,0,0
TOI-1670,TOI-1670 c,0.63,0.09,0,0
WASP-123,WASP-123 b,0.899,0.18,0,0
EPIC 246851721,EPIC 246851721 b,3.0,0.141,0,0
TOI-1268,TOI-1268 b,0.303308319447984,0.36,0,0
TOI-6130,TOI-6130 b,1.05,0.28,0,0
TRAPPIST-1,TRAPPIST-1 c,0.00411542823483365,0.052,0,0
TRAPPIST-1,TRAPPIST-1 f,0.00326905958409186,0.052,0,0
Kepler-396,Kepler-396 b,0.238,0.1558,0,0
K2-34,K2-34 b,1.698,0.01,0,0
WASP-184,WASP-184 b,0.57,0.12,0,0
TOI-3976 A,TOI-3976 A b,0.175,0.182,0,0
TOI-451,TOI-451 c,0.0116415018875264,0.02,0,0
TOI-451,TOI-451 d,0.0320927889872349,0.02,0,0
PDS 70,PDS 70 c,7.5,-0.11,0,0
WASP-171,WASP-171 b,1.084,0.04,0,0
HATS-42,HATS-42 b,1.88,0.22,0,0
WASP-151,WASP-151 b,0.316,0.1,0,0
HD 168443,HD 168443 c,17.306,0.04,0,0
HIP 8541,HIP 8541 b,7.714,-0.19,0,0
WASP-130,WASP-130 b,1.23,0.26,0,0
Kepler-289,Kepler-289 b,0.0116415018875264,0.05,0,0
HIP 56640,HIP 56640 b,6.77,-0.03,0,0
HD 181234,HD 181234 b,9.379,0.32,0,0
KOI-94,KOI-94 c,0.049,0.0228,0,0
TOI-3629,TOI-3629 b,0.26,0.4,0,0
HD 169830,HD 169830 c,7.669,0.21,0,0
GJ 3929,GJ 3929 b,0.00550611575761382,-0.02,0,0
XEST 17-036,KOINTREAU-1 b,10.6,-0.15,0,0
WASP-29,WASP-29 b,0.23,0.11,0,0
HD 221416,HD 221416 b,0.19,-0.08,0,0
Kepler-385,Kepler-385 b,0.04,0.01,0,0
HIP 41378,HIP 41378 b,0.0285059478651321,0.046,0,0
Kepler-462,Kepler-462 c,0.0188780165497278,0.05,0,0
Kepler-177,Kepler-177 c,0.0462511405468332,-0.11,0,0
Kepler-79,Kepler-79 d,0.019,-0.0731,0,0
Kepler-1661,Kepler-1661 b,0.0534877135575622,-0.12,0,0
HATS-25,HATS-25 b,0.613,0.02,0,0
Kepler-15,Kepler-15 b,0.66,0.36,0,0
Kepler-83,Kepler-83 d,0.0129000426321238,-0.2,0,0
HD 68475,HD 68475 b,5.16,0.07,0,0
TrES-3,TrES-3 b,1.91,-0.19,0,0
HD 23472,HD 23472 c,0.0107290598476932,-0.2,0,0
WASP-105,WASP-105 b,1.8,0.28,0,0
WASP-91,WASP-91 b,1.34,0.19,0,0
HD 62364,HD 62364 c,24.93,-0.11,0,0
WASP-113,WASP-113 b,0.475,0.1,0,0
Kepler-39,Kepler-39 b,20.1,0.1,0,0
KELT-10,KELT-10 b,0.679,0.09,0,0
WASP-119,WASP-119 b,1.23,0.14,0,0
WASP-69,WASP-69 b,0.26,0.35,0,0
WASP-94 A,WASP-94 A b,0.5,0.26,0,0
HD 23472,HD 23472 d,0.00173049352382149,-0.2,0,0
HD 23472,HD 23472 f,0.00242269093335008,-0.2,0,0
HD 168863,HD 168863 b,6.78,0.16,0,0
Kepler-94,Kepler-94 c,9.836,0.34,0,0
HATS-28,HATS-28 b,0.672,0.01,0,0
HATS-29,HATS-29 b,0.653,0.16,0,0
WASP-54,WASP-54 b,0.59,-0.27,0,0
HD 63935,HD 63935 b,0.0330366945456829,0.107,0,0
TOI-1820,TOI-1820 b,2.3,0.14,0,0
TOI-2158,TOI-2158 b,0.82,0.47,0,0
HATS-15,HATS-15 b,2.17,0.0,0,0
TOI-2128,TOI-2128 b,0.0141585833767213,-0.07,0,0
MASCARA-1,MASCARA-1 b,3.7,0.15,0,0
Kepler-14,Kepler-14 b,8.4,0.12,0,0
K2-24,K2-24 c,0.0484535758109681,0.34,0,0
WASP-129,WASP-129 b,1.0,0.15,0,0
WASP-124,WASP-124 b,0.6,-0.02,0,0
Kepler-85,Kepler-85 c,0.00676465650221127,0.12,0,0
KELT-9,KELT-9 b,2.88,-0.03,0,0
NGTS-1,NGTS-1 b,0.812,0.0,0,0
HIP 21152,HIP 21152 b,24.0,0.13,0,0
TOI-1260,TOI-1260 b,0.0269327719343853,-0.1,0,0
HATS-52,HATS-52 b,2.24,-0.2843,0,0
WASP-139,WASP-139 b,0.117,0.2,0,0
WASP-142,WASP-142 b,0.84,0.26,0,0
TOI-1260,TOI-1260 d,0.0372528060400844,-0.1,0,0
TOI-1260,TOI-1260 c,0.0415318445717157,-0.1,0,0
TOI-969,TOI-969 b,0.0286318019395919,0.175,0,0
WASP-138,WASP-138 b,1.22,-0.09,0,0
Qatar-3,Qatar-3 b,4.31,-0.041,0,0
HD 114082,HD 114082 b,8.0,0.0,0,0
55 Cnc,55 Cnc d,3.878,0.39,0,0
WASP-53,WASP-53 b,2.132,0.22,0,0
Kepler-136,Kepler-136 b,0.062,0.0002,0,0
HATS-34,HATS-34 b,0.941,0.25,0,0
HATS-35,HATS-35 b,1.222,0.21,0,0
WASP-81,WASP-81 b,0.729,-0.36,0,0
Kepler-23,Kepler-23 d,0.0139698022650316,-0.112,0,0
K2-38,K2-38 b,0.0229683685889034,0.26,0,0
K2-38,K2-38 c,0.026114720450397,0.26,0,0
KELT-1,KELT-1 b,27.23,0.052,0,0
WASP-153,WASP-153 b,0.39,0.34,0,0
HAT-P-31,HAT-P-31 b,2.27,0.15,0,0
WASP-131,WASP-131 b,0.273,-0.2,0,0
AU Mic,AU Mic e,0.0663880242775153,0.12,0,0
KELT-16,KELT-16 b,2.75,-0.002,0,0
Kepler-23,Kepler-23 b,0.00805466076542365,-0.112,0,0
TOI-2525,TOI-2525 b,0.084,0.14,0,0
NGTS-23,NGTS-23 b,0.613,-0.26,0,0
NGTS-4,NGTS-4 b,0.0648145234873989,-0.28,0,0
TOI-669,TOI-669 b,0.0314635186149361,0.001,0,0
Kepler-287,Kepler-287 b,0.26114720450397,0.117,0,0
TOI-1695,TOI-1695 b,0.0200107978390994,0.0,0,0
TOI-181,TOI-181 b,0.1452,0.272,0,0
TOI-3235,TOI-3235 b,0.665,0.264,0,0
Kepler-48,Kepler-48 c,0.0459679702985873,0.17,0,0
Kepler-138,Kepler-138 e,0.00135293130044225,-0.18,0,0
ups And,ups And c,13.98,0.1014,0,0
V1298 Tau,V1298 Tau b,0.0412172093855663,0.1,0,0
Kepler-138,Kepler-138 c,0.00723660928143531,-0.18,0,0
Kepler-138,Kepler-138 b,0.000220244630304553,-0.18,0,0
ISO-Oph 96,KOINTREAU-3 b,3.4,-0.05,0,0
WASP-78,WASP-78 b,1.11,-0.35,0,0
WASP-39,WASP-39 b,0.281,0.01,0,0
WASP-36,WASP-36 b,2.361,-0.26,0,0
HD 191939,HD 191939 d,0.00880978521218212,-0.15,0,0
Kepler-12,Kepler-12 b,0.432,0.07,0,0
HAT-P-24,HAT-P-24 b,0.75,-0.16,0,0
Kepler-539,Kepler-539 b,0.97,-0.01,0,0
WASP-189,WASP-189 b,1.99,0.29,0,0
WASP-41,WASP-41 b,0.85,0.06,0,0
Ross 176,Ross 176 b,0.0143788280070258,-0.19,0,0
TOI-5422,TOI-5422 b,28.0,-0.012,0,0
Kepler-5,Kepler-5 b,2.111,0.04,0,0
HAT-P-2,HAT-P-2 c,10.7,0.12,0,0
HATS-41,HATS-41 b,9.7,0.47,0,0
HD 80913,HD 80913 b,23.614,-0.68,0,0
TOI-4406,TOI-4406 b,0.3,0.1,0,0
TOI-2589,TOI-2589 b,3.5,0.12,0,0
HAT-P-29,HAT-P-29 b,0.88,0.21,0,0
TOI-4603,TOI-4603 b,12.89,0.342,0,0
TOI-1811,TOI-1811 b,0.972,0.306,0,0
TOI-2025,TOI-2025 b,3.6,0.15,0,0
TOI-2152,TOI-2152 A b,2.83,0.282,0,0
TOI-2497,TOI-2497 b,4.82,0.094,0,0
HD 97037,HD 97037 b,21.105,-0.0773,0,0
TIC 279401253,TIC 279401253 b,6.14,0.2,0,0
WASP-103,WASP-103 b,1.49,0.06,0,0
WASP-73,WASP-73 b,2.86,0.14,0,0
HATS-44,HATS-44 b,0.56,0.32,0,0
HATS-45,HATS-45 b,0.7,0.02,0,0
K2-141,K2-141 b,0.0156373687516233,0.0,0,0
WASP-61,WASP-61 b,2.68,-0.1,0,0
HD 80606,HD 80606 b,4.1641,0.35,0,0
HAT-P-6,HAT-P-6 b,1.32,-0.13,0,0
HATS-46,HATS-46 b,0.173,-0.06,0,0
HATS-7,HATS-7 b,0.12,0.25,0,0
Kepler-102,Kepler-102 e,0.01478785374902,0.11,0,0
HAT-P-15,HAT-P-15 b,1.94,0.22,0,0
Kepler-78,Kepler-78 b,0.00528587112730927,-0.18,0,0
WASP-58,WASP-58 b,0.97,-0.45,0,0
TOI-733,TOI-733 b,0.0179971326477435,-0.04,0,0
HAT-P-23,HAT-P-23 b,2.09,0.15,0,0
HAT-P-57,HAT-P-57 b,1.41,-0.25,0,0
KELT-15,KELT-15 b,1.31,0.05,0,0
HAT-P-17,HAT-P-17 b,0.58,0.0,0,0
HD 114386,HD 114386 b,1.46,-0.05,0,0
HAT-P-4,HAT-P-4 b,0.671,0.24,0,0
Kepler-20,Kepler-20 c,0.0349245056625791,0.07,0,0
WASP-71,WASP-71 b,1.39,0.15,0,0
HD 15337,HD 15337 c,0.0213700218432646,0.03,0,0
K2-136,K2-136 c,0.0569489686930344,-0.02,0,0
Kepler-68,Kepler-68 d,0.840071736462889,0.11,0,0
HD 80653,HD 80653 b,0.0179971326477435,0.255,0,0
HD 3167,HD 3167 c,0.0350188962184239,0.04,0,0
HD 3167,HD 3167 b,0.0156373687516233,0.04,0,0
HAT-P-49,HAT-P-49 b,2.2,0.07,0,0
HATS-12,HATS-12 b,2.39,-0.1,0,0
EPIC 211945201,EPIC 211945201 b,0.0346098704764298,0.1,0,0
K2-108,K2-108 b,0.186892363842306,0.36,0,0
WASP-144,WASP-144 b,0.44,0.18,0,0
Kepler-107,Kepler-107 e,0.04436356124706,0.321,0,0
Kepler-68,Kepler-68 b,0.0252652054477937,0.11,0,0
WASP-158,WASP-158 b,2.79,0.24,0,0
WASP-145 A,WASP-145 A b,0.89,-0.04,0,0
WASP-159,WASP-159 b,0.55,0.22,0,0
HD 89345,HD 89345 b,0.11,0.421,0,0
WASP-162,WASP-162 b,5.2,0.28,0,0
WASP-172,WASP-172 b,0.47,-0.1,0,0
Kepler-323,Kepler-323 c,0.0213951926581566,-0.14,0,0
HATS-9,HATS-9 b,0.837,0.38,0,0
WASP-147,WASP-147 b,0.275,0.092,0,0
Kepler-189,Kepler-189 c,0.071,-0.04,0,0
TOI-159,TOI-159 b,3.49,0.3,0,0
TOI-4465,TOI-4465 b,5.89,-0.06,0,0
Kepler-107,Kepler-107 c,0.0314635186149361,0.321,0,0
K2-266,K2-266 d,0.0280023912154296,-0.12,0,0
K2-266,K2-266 e,0.0449926061101847,-0.12,0,0
Kepler-122,Kepler-122 e,0.087,-0.08,0,0
NGTS-3 A,NGTS-3 A b,2.38,0.12,0,0
K2-238,K2-238 b,0.86,0.34,0,0
WASP-106,WASP-106 b,1.93,-0.02,0,0
TrES-1,TrES-1 b,0.84,0.02,0,0
Qatar-1,Qatar-1 b,1.294,0.171,0,0
CoRoT-20,CoRoT-20 b,4.3,0.14,0,0
HATS-64,HATS-64 b,0.96,0.22,0,0
HATS-65,HATS-65 b,0.821,0.199,0,0
HATS-60,HATS-60 b,0.662,0.335,0,0
WASP-165,WASP-165 b,0.658,0.33,0,0
HATS-59,HATS-59 b,0.806,0.18,0,0
HD 457,HD 457 b,26.572,0.34,0,0
TOI-172,TOI-172 b,5.42,0.148,0,0
K2-85,K2-85 b,0.0100683259567796,0.14,0,0
Kepler-8,Kepler-8 b,0.59,-0.055,0,0
K2-291,K2-291 b,0.0204197212346223,0.08,0,0
HAT-P-25,HAT-P-25 b,0.569,0.294,0,0
HATS-69,HATS-69 b,0.577,0.377,0,0
HATS-68,HATS-68 b,1.29,0.21,0,0
WASP-161,WASP-161 b,2.49,0.16,0,0
HATS-70,HATS-70 b,12.9,0.041,0,0
K2-36,K2-36 b,0.0135293130044225,-0.047,0,0
Kepler-538,Kepler-538 b,0.0405879390132676,-0.09,0,0
K2-36,K2-36 c,0.0248561797057995,-0.047,0,0
Kepler-281,Kepler-281 d,2.05771411741682,0.0,0,0
HD 1397,HD 1397 b,0.415,0.29,0,0
K2-285,K2-285 b,0.0304565333668943,0.0,0,0
WASP-140,WASP-140 b,2.44,0.12,0,0
K2-18,K2-18 b,0.0280653179372621,0.12,0,0
HAT-P-35,HAT-P-35 b,1.056,0.11,0,0
HR 8799,HR 8799 d,10.0,-0.47,0,0
HAT-P-14,HAT-P-14 b,3.44,0.11,0,0
WASP-164,WASP-164 b,2.13,-0.01,0,0
K2-110,K2-110 b,0.0500269945977485,-0.34,0,0
HD 2685,HD 2685 b,1.17,0.02,0,0
Kepler-25,Kepler-25 b,0.0275,0.11,0,0
KELT-23 A,KELT-23 A b,0.938,-0.105,0,0
TOI-1416,TOI-1416 b,0.0109493044779978,0.08,0,0
TOI-2498,TOI-2498 b,0.108926701444909,0.167,0,0
HATS-24,HATS-24 b,2.26,-0.229,0,0
HAT-P-9,HAT-P-9 b,0.749,0.12,0,0
HAT-P-36,HAT-P-36 b,1.8482,0.25,0,0
TOI-2000,TOI-2000 c,0.257,0.439,0,0
Kepler-203,Kepler-203 c,2.36,0.08,0,0
NGTS-5,NGTS-5 b,0.229,0.12,0,0
Qatar-9,Qatar-9 b,1.19,0.252,0,0
GJ 1061,GJ 1061 c,0.00569489686930344,-0.08,0,0
Kepler-49,Kepler-49 c,0.0263664285993165,0.03,0,0
Kepler-411,Kepler-411 d,0.0478243085926439,0.21,0,0
Kepler-411,Kepler-411 c,0.0830632728188025,0.21,0,0
K2-295,K2-295 b,0.335,0.14,0,0
HATS-18,HATS-18 b,1.9795,0.28,0,0
Kepler-25,Kepler-25 c,0.0479,0.11,0,0
HD 175167,HD 175167 b,14.8,0.28,0,0
WASP-181,WASP-181 b,0.299,0.09,0,0
WASP-84,WASP-84 c,0.048,0.0,0,0
HAT-P-70,HAT-P-70 b,6.78,-0.059,0,0
Kepler-176,Kepler-176 c,0.00418464797578651,0.13,0,0
WASP-169,WASP-169 b,0.561,0.06,0,0
K2-3,K2-3 c,0.00843222298880288,-0.157,0,0
K2-3,K2-3 b,0.0160778580122324,-0.157,0,0
TOI-163,TOI-163 b,1.22,0.22,0,0
NGTS-8,NGTS-8 b,0.93,0.24,0,0
HD 219134,HD 219134 c,0.0137180253594689,0.11,0,0
TOI-2000,TOI-2000 b,0.0347,0.439,0,0
HD 62364,HD 62364 b,18.77,-0.11,0,0
Kepler-92,Kepler-92 c,0.019,0.1381,0,0
HD 135625,HD 135625 b,2.3,0.12,0,0
HD 108202,HD 108202 b,3.0,0.3048,0,0
HD 185283,HD 185283 b,1.3,-0.06,0,0
Kepler-111,Kepler-111 c,0.7,0.237,0,0
HIP 41378,HIP 41378 e,0.0377562223379234,-0.1,0,0
WASP-175,WASP-175 b,0.99,0.15,0,0
WASP-182,WASP-182 b,0.148,0.27,0,0
HATS-47,HATS-47 b,0.369,-0.113,0,0
TOI-1052,TOI-1052 b,0.0531733464592421,0.14,0,0
HATS-48 A,HATS-48 A b,0.243,0.186,0,0
HATS-49,HATS-49 b,0.353,0.208,0,0
HATS-72,HATS-72 b,0.1254,0.099,0,0
TOI-169,TOI-169 b,0.791,0.24,0,0
HD 216437,HD 216437 b,4.2,0.2,0,0
HD 28254,HD 28254 b,3.8,0.06,0,0
NGTS-9,NGTS-9 b,2.9,0.31,0,0
Qatar-6,Qatar-6 b,0.668,-0.025,0,0
HD 213885,HD 213885 b,0.0277821476890161,-0.04,0,0
NGTS-11,NGTS-11 b,0.344,0.22,0,0
CoRoT-10,CoRoT-10 b,2.75,0.26,0,0
TOI-1728,TOI-1728 b,0.0842588805336186,0.25,0,0
TOI-4201,TOI-4201 b,2.48,0.52,0,0
HD 44219,HD 44219 b,0.58,0.03,0,0
Kepler-345,Kepler-345 c,0.00692193940156688,0.1905,0,0
HIP 65 A,HIP 65 A b,3.213,0.18,0,0
GJ 832,GJ 832 b,0.99,-0.3,0,0
HIP 54597,HIP 54597 b,2.4,-0.22,0,0
HD 73256,HD 73256 c,16.0,0.29,0,0
WASP-126,WASP-126 b,0.284114149073404,0.2068,0,0
XO-7,XO-7 b,0.709,0.432,0,0
WASP-176,WASP-176 b,0.855,0.164,0,0
Kepler-215,Kepler-215 d,0.074,-0.4425,0,0
Kepler-48,Kepler-48 b,0.012396564200988,0.17,0,0
WASP-187,WASP-187 b,0.8,0.0,0,0
nu Oph,nu Oph b,22.206,0.1,0,0
HD 202206,HD 202206 c,17.9,0.3,0,0
TOI-954,TOI-954 b,0.174,0.215,0,0
LHS 1903,LHS 1903 d,0.0187522570945019,-0.11,0,0
Kepler-95,Kepler-95 b,0.041,0.3,0,0
HD 120084,HD 120084 b,6.4,0.1,0,0
HD 14067,HD 14067 b,15.3,-0.1,0,0
Kepler-326,Kepler-326 d,0.022,0.2385,0,0
Kepler-1514,Kepler-1514 b,5.28,0.119,0,0
Kepler-129,Kepler-129 c,0.135293130044225,0.29,0,0
TOI-905,TOI-905 b,0.667,0.14,0,0
TIC 237913194,TIC 237913194 b,1.942,0.14,0,0
NGTS-13,NGTS-13 b,4.84,0.25,0,0
TOI-1238,TOI-1238 b,0.011830282999216,0.31,0,0
HATS-71,HATS-71 b,0.37,0.17,0,0
HD 106315,HD 106315 c,0.0478243085926439,-0.311,0,0
HD 114783,HD 114783 c,1.9,0.21,0,0
HAT-P-62,HAT-P-62 b,0.761,0.414,0,0
HAT-P-63,HAT-P-63 b,0.614,0.251,0,0
K2-138,K2-138 d,0.0249189818456408,0.14,0,0
K2-138,K2-138 e,0.0408079791083284,0.14,0,0
K2-138,K2-138 f,0.00512852782934273,0.14,0,0
Kepler-170,Kepler-170 b,0.26,0.39,0,0
Kepler-328,Kepler-328 c,0.124,0.08,0,0
K2-32,K2-32 d,0.0210805574720072,-0.06,0,0
K2-32,K2-32 b,0.0471952779224042,-0.06,0,0
K2-32,K2-32 c,0.0254854500780983,-0.06,0,0
K2-100,K2-100 b,0.0685904705805608,0.22,0,0
K2-138,K2-138 g,0.013592171915804,0.14,0,0
TOI-1231,TOI-1231 b,0.0484538186670017,0.041,0,0
TOI-1062,TOI-1062 b,0.0319354713941602,0.14,0,0
PH2,PH2 b,0.274,0.017,0,0
TOI-257,TOI-257 b,0.138,0.175,0,0
TOI-674,TOI-674 b,0.0742539039312493,0.17,0,0
TOI-269,TOI-269 b,0.0276878963811438,-0.29,0,0
TOI-628,TOI-628 b,6.33,0.258,0,0
HAT-P-58,HAT-P-58 b,0.372,-0.224,0,0
HAT-P-59,HAT-P-59 b,1.54,0.217,0,0
TOI-2202,TOI-2202 c,0.369,0.04,0,0
TOI-199,TOI-199 c,0.28,0.22,0,0
HD 213240,HD 213240 b,5.21,0.15,0,0
TOI-5398,TOI-5398 b,0.184690854269675,0.09,0,0
HAT-P-43,HAT-P-43 b,0.662,0.2,0,0
HD 110067,HD 110067 f,0.0158576133819278,-0.2,0,0
Kepler-245,Kepler-245 c,0.0840075947018795,0.12,0,0
TOI-2184,TOI-2184 b,0.65,0.14,0,0
14 Her,14 Her b,8.9,0.43,0,0
HD 110067,HD 110067 b,0.0179027420918987,-0.2,0,0
Kepler-97,Kepler-97 b,0.011,-0.2,0,0
TOI-2134,TOI-2134 b,0.0287261924954367,0.12,0,0
TOI-2134,TOI-2134 c,0.131800679477967,0.12,0,0
Kepler-307,Kepler-307 b,0.0234087405216625,0.19,0,0
HATS-75,HATS-75 b,0.491,0.522,0,0
HAT-P-55,HAT-P-55 b,0.596,0.003,0,0
HAT-P-51,HAT-P-51 b,0.307,0.302,0,0
TIC 172900988 Aa,TIC 172900988 b,2.96386345352698,0.34,0,0
HD 112570,HD 112570 b,3.42,-0.4,0,0
TOI-3362,TOI-3362 b,5.029,0.017,0,0
GPX-1,GPX-1 b,19.7,0.35,0,0
TOI-559,TOI-559 b,6.01,-0.069,0,0
TOI-530,TOI-530 b,0.4,0.376,0,0
HD 154391,HD 154391 b,9.1,0.1,0,0
TOI-1431,TOI-1431 b,3.12,0.09,0,0
WASP-76,WASP-76 b,0.894,0.366,0,0
WASP-95,WASP-95 b,1.44,0.14,0,0
TOI-4551,TOI-4551 b,1.49,0.23,0,0
HD 219666,HD 219666 b,0.055,0.04,0,0
Kepler-139,Kepler-139 e,1.18932100364459,0.35,0,0
Kepler-333,Kepler-333 b,0.089,0.0465,0,0
HD 88986,HD 88986 b,0.0541172520176902,0.06,0,0
TOI-4377,TOI-4377 b,0.957,0.205,0,0
Kepler-57,Kepler-57 b,0.07884757764903,0.1166,0,0
HD 219134,HD 219134 b,0.014913633074285,0.11,0,0
HATS-2,HATS-2 b,1.37,0.15,0,0
TOI-1136,TOI-1136 d,0.0262720380434717,0.07,0,0
GJ 9827,GJ 9827 b,0.0134663859671927,-0.29,0,0
TOI-1136,TOI-1136 f,0.0305196130564881,0.07,0,0
TOI-2337,TOI-2337 b,1.6,0.39,0,0
TOI-4329,TOI-4329 b,0.45,0.29,0,0
LTT 1445 A,LTT 1445 A c,0.00484538186670017,-0.34,0,0
HAT-P-41,HAT-P-41 b,1.19,0.21,0,0
Kepler-120,Kepler-120 b,0.027,-0.12,0,0
TOI-2447,TOI-2447 b,0.393,0.18,0,0
Kepler-9,Kepler-9 b,0.136550986376365,0.05,0,0
Kepler-406,Kepler-406 c,0.009,0.18,0,0
TOI-2669,TOI-2669 b,0.61,0.1,0,0
TOI-1136,TOI-1136 b,0.0110122315152276,0.07,0,0
HAT-P-65,HAT-P-65 b,0.554,0.208,0,0
TOI-1273,TOI-1273 b,0.222,0.07,0,0
TOI-1199,TOI-1199 b,0.239,0.44,0,0
Kepler-60,Kepler-60 d,0.0130887581411446,-0.09,0,0
GJ 1214,GJ 1214 b,0.0264608191551613,0.24,0,0
TOI-4438,TOI-4438 b,0.0169903000520655,-0.19,0,0
TOI-757,TOI-757 b,0.0330366945456829,-0.27,0,0
TOI-2714,TOI-2714 b,0.717368224420544,0.3,0,0
TOI-216,TOI-216.01,0.56,0.32,0,0
TOI-1408,TOI-1408 c,0.0239122741473515,0.25,0,0
TOI-1408,TOI-1408 b,1.86578665386571,0.25,0,0
TOI-1437,TOI-1437 b,0.0302049778703387,-0.4924,0,0
TOI-1751,TOI-1751 b,0.0613538612991255,-0.373,0,0
TOI-1694,TOI-1694 b,0.0984808132647501,0.131,0,0
TOI-3261,TOI-3261 b,0.0953344614032565,0.138,0,0
HIP 116454,HIP 116454 b,0.0305196130564881,0.0,0,0
TIC 46432937,TIC 46432937 b,3.2,0.323,0,0
TOI-1807,TOI-1807 b,0.00767709854204442,0.044,0,0
HD 77946,HD 77946 b,0.0342952352902804,0.215,0,0
TOI-1181,TOI-1181 b,1.179,0.38,0,0
TOI-1246,TOI-1246 c,0.0286318019395919,0.168,0,0
HD 68402,HD 68402 b,7.9,0.29,0,0
TOI-469,TOI-469.01,0.0286318019395919,0.24,0,0
K2-25,K2-25 b,0.0770856206065935,0.15,0,0
TOI-6034,TOI-6034 b,0.798,-0.09,0,0
TOI-1710,TOI-1710 b,0.0704782816974569,0.147,0,0
TOI-1736,TOI-1736 c,8.7,0.148,0,0
TOI-1272,TOI-1272 b,0.0849515002603276,0.182,0,0
HD 93963 A,HD 93963 A b,0.00880978521218212,0.11,0,0
TIC 393818343,TIC 393818343 b,4.34,0.318,0,0
Kepler-282,Kepler-282 e,0.177,-0.2,0,0
HD 93963 A,HD 93963 A c,0.0578928742514825,0.11,0,0
BD-14 3065 A,BD-14 3065 b,12.37,-0.34,0,0
TOI-3071,TOI-3071 b,0.214581196953864,0.35,0,0
TOI-1386,TOI-1386 b,0.144102915256408,0.149,0,0
TOI-1288,TOI-1288 b,0.138754117091868,0.257,0,0
HD 135694,HD 135694 b,0.019192746355111,-0.121,0,0
HD 194490,HD 194490 b,11.207,0.08,0,0
WASP-148,WASP-148 b,0.287,0.099,0,0
K2-99,K2-99 b,0.87,0.2,0,0
TOI-3757,TOI-3757 b,0.268383813785405,0.0,0,0
TOI-3568,TOI-3568 b,0.083,-0.01,0,0
AU Mic,AU Mic d,0.00331,0.23,0,0
TOI-1798,TOI-1798.02,0.0176195704243642,0.073,0,0
TOI-1798,TOI-1798.01,0.0204512870997085,0.073,0,0
TOI-2570,TOI-2570 b,0.82,0.191,0,0
TOI-1452,TOI-1452 b,0.0151654159723992,-0.07,0,0
Kepler-183,Kepler-183 c,0.112,0.11,0,0
Kepler-131,Kepler-131 b,0.051,0.12,0,0
TOI-2458,TOI-2458 b,0.04187794327648,-0.1,0,0
TOI-4562,TOI-4562 c,5.77,0.08,0,0
TOI-4562,TOI-4562 b,2.3,0.08,0,0
TOI-3693,TOI-3693 b,1.02,0.071,0,0
WASP-72,WASP-72 b,2.3,-0.06,0,0
WASP-99,WASP-99 b,2.43,0.21,0,0
TOI-2193 A,TOI-2193 A b,0.94,0.027,0,0
TOI-2207,TOI-2207 b,0.64,0.181,0,0
TOI-260,TOI-260 b,0.013309068374118,-0.47,0,0
L 168-9,L 168-9 b,0.012805652076279,-0.03,0,0
K2-167,K2-167 b,0.0204512870997085,-0.456,0,0
HR 8799,HR 8799 e,10.0,-0.5,0,0
TOI-1184,TOI-1184 b,0.0213951926581566,0.017,0,0
TOI-5005,TOI-5005 b,0.103,0.15,0,0
TOI-2421,TOI-2421 b,0.333,0.19,0,0
TOI-5076,TOI-5076 b,0.0508,0.082,0,0
TOI-1453,TOI-1453 c,0.00928173799140616,-0.31,0,0
TOI-4504,TOI-4504 d,1.4166,0.16,0,0
TOI-4137,TOI-4137 b,1.44,0.182,0,0
TOI-512,TOI-512 b,0.0112324761455322,-0.11,0,0
HD 73344,HD 73344 d,2.55,0.16,0,0
TOI-561,TOI-561 d,0.0419408703137099,-0.41,0,0
WASP-132,WASP-132 c,0.01969616265295,0.15,0,0
TOI-2364,TOI-2364 b,0.225,0.344,0,0
TOI-4994,TOI-4994 b,0.28,0.165,0,0
TOI-2842,TOI-2842 b,0.37,0.233,0,0
TOI-2977,TOI-2977 b,1.68,0.013,0,0
TOI-2583 A,TOI-2583 A b,0.25,0.158,0,0
TOI-3023,TOI-3023 b,0.62,0.085,0,0
LHS 1903,LHS 1903 c,0.0143159009697959,-0.11,0,0
TOI-2587 A,TOI-2587 A b,0.218,0.13,0,0
TOI-3912,TOI-3912 b,0.406,0.187,0,0
TOI-2818,TOI-2818 b,0.71,-0.02,0,0
TOI-2537,TOI-2537 b,1.307,0.08,0,0
WASP-149,WASP-149 b,0.991,0.0,0,0
TOI-3493,TOI-3493 b,0.0282227761975977,0.03,0,0
TOI-3807,TOI-3807 b,1.04,0.278,0,0
TOI-4463 A,TOI-4463 A b,0.794,0.25,0,0
WASP-116,WASP-116 b,0.64,0.0,0,0
WASP-188,WASP-188 b,1.443,0.0,0,0
TOI-771,TOI-771 b,0.00777148909788923,-0.13,0,0
Kepler-106,Kepler-106 e,0.035,-0.12,0,0
TOI-1266,TOI-1266 c,0.00997393540093476,-0.109,0,0
TOI-1266,TOI-1266 d,0.0115785748502965,-0.109,0,0
TOI-2015,TOI-2015 b,0.0289464371257412,-0.31,0,0
TOI-2015,TOI-2015 c,0.0280339950859081,-0.31,0,0
Kepler-128,Kepler-128 c,0.0106346692918484,-0.03,0,0
HD 80883,HD 80883 b,5.5,-0.2638,0,0
Kepler-83,Kepler-83 c,0.00638709427883203,-0.2,0,0
CoRoT-27,CoRoT-27 b,10.39,-0.1,0,0
TOI-2992,TOI-2992 b,3.33,0.084,0,0
TOI-3160 A,TOI-3160 A b,1.19,-0.114,0,0
HIP 67851,HIP 67851 c,6.937,0.01,0,0
TOI-6894,TOI-6894 b,0.168,0.142,0,0
KOI-134,KOI-134 c,0.22,0.427,0,0
TOI-3474,TOI-3474 b,0.61,0.146,0,0
OGLE-TR-56,OGLE-TR-56 b,1.39,0.25,0,0
KOI-134,KOI-134 b,1.09,0.427,0,0
TOI-4791,TOI-4791 b,2.31,0.207,0,0
WASP-80,WASP-80 b,0.538,-0.13,0,0
TOI-5300,TOI-5300 b,0.6,-0.17,0,0
TOI-2031 A,TOI-2031 A b,0.8,-0.24,0,0
TOI-5882,TOI-5882 b,22.01,0.18,0,0
TOI-2169 A,TOI-2169 A b,1.037,0.123,0,0
TOI-3682,TOI-3682 b,0.218,0.416,0,0
HD 155918,HD 155918 c,5.909,-0.6616,0,0
TOI-2346,TOI-2346 b,1.24,-0.03,0,0
Kepler-10,Kepler-10 b,0.0101941800312393,-0.15,0,0
TOI-2886,TOI-2886 b,1.4,0.284,0,0
HD 35843,HD 35843 c,0.0356167030721077,-0.27,0,0
TOI-778,TOI-778 b,2.8,0.0,0,0
TOI-5573,TOI-5573 b,0.35,0.42,0,0
HATS-23,HATS-23 b,1.47,0.28,0,0
TOI-1468,TOI-1468 b,0.00956490965894059,-0.01,0,0
TOI-1468,TOI-1468 c,0.0129000426321238,-0.01,0,0
TOI-5800,TOI-5800 b,0.0298903426841893,-0.04,0,0
HD 224018,HD 224018 b,0.0129000426321238,0.05,0,0
TOI-4214,TOI-4214 b,0.52,0.294,0,0
TOI-5817,TOI-5817 b,0.0324074241733842,-0.24,0,0
TOI-4734,TOI-4734 b,0.194,0.288,0,0
TOI-5181 A,TOI-5181 A b,1.04,0.208,0,0
HD 97658,HD 97658 b,0.026114720450397,-0.23,0,0
GJ 1252,GJ 1252 b,0.00415318445717157,0.1,0,0
nu Oct A,nu Oct A b,2.19,0.18,0,0
Kepler-324,Kepler-324 c,0.0195073815412604,0.18,0,0
Kepler-83,Kepler-83 b,0.00925027447279122,-0.2,0,0
TOI-270,TOI-270 d,0.0132146778182732,-0.17,0,0
TOI-654,TOI-654.01,0.0274047247136094,0.12,0,0
HD 235088,HD 235088 b,0.0130573602251985,-0.02,0,0
TOI-5795,TOI-5795 b,0.0744426850429389,-0.27,0,0
HD 136118,HD 136118 b,13.102,-0.05,0,0
GJ 463,GJ 463 b,3.4,-0.16,0,0
WASP-4,WASP-4 b,1.2,-0.05,0,0
TOI-5386 A,TOI-5386 A b,0.488,0.182,0,0
TOI-1438,TOI-1438 b,0.02957570749804,0.03,0,0
TOI-3856,TOI-3856 b,0.54,0.454,0,0
TOI-3877,TOI-3877 b,0.314,0.269,0,0
TOI-3980,TOI-3980 b,0.59,0.188,0,0
TOI-622,TOI-622 b,0.303,0.09,0,0
TOI-4010,TOI-4010 b,0.0346098704764298,0.37,0,0
HD 196067,HD 196067 b,11.4,0.213,0,0
TOI-283,TOI-283 b,0.0205771411741682,-0.09,0,0
TOI-2641,TOI-2641 b,0.386,-0.15,0,0
TOI-2322,TOI-2322 b,0.00726807280005025,-0.12,0,0
Kepler-54,Kepler-54 c,0.00220244630304553,-0.27,0,0
TOI-5261,TOI-5261 b,11.49,0.254,0,0
TOI-5350,TOI-5350 b,6.59,0.044,0,0
TOI-1235,TOI-1235 b,0.0210490939533923,0.33,0,0
TOI-6420,TOI-6420 b,8.2,0.24,0,0
HR 8799,HR 8799 b,7.0,-0.47,0,0
LHS 3844,LHS 3844 b,0.00745685391173987,0.22,0,0
TOI-6054,TOI-6054.02,0.0292610723118906,-0.07,0,0
TOI-6054,TOI-6054.01,0.0393293982686702,-0.07,0,0
Kepler-117,Kepler-117 b,0.094,-0.04,0,0
Kepler-103,Kepler-103 b,0.0367179262236305,0.15,0,0
Kepler-103,Kepler-103 c,0.183967193341532,0.15,0,0
Kepler-34,Kepler-34 b,0.22,-0.07,0,0
TOI-4010,TOI-4010 c,0.0639024063069353,0.37,0,0
TOI-2449,TOI-2449 b,0.7,-0.03,0,0
TOI-2345,TOI-2345 c,0.0228739780330586,-0.1,0,0
55 Cnc,55 Cnc b,0.8306,0.39,0,0
TOI-2141,TOI-2141 b,0.0632416724160216,-0.14,0,0
Kepler-51,Kepler-51 d,0.024,0.05,0,0
HD 132406,HD 132406 b,5.94,0.1293,0,0
TIC 257060897,TIC 257060897 b,0.634,0.054,0,0
K2-73,K2-73 b,0.0289464371257412,0.04,0,0
HD 39091,pi Men c,0.0114212572572218,0.09,0,0
HD 63433,HD 63433 c,0.0488911615757493,-0.07,0,0
TOI-1685,TOI-1685 b,0.00965930021478539,0.01,0,0
BD+20 594,BD+20 594 b,0.07,-0.15,0,0
HD 72659,HD 72659 c,19.4,-0.02,0,0
HD 152843,HD 152843 b,0.0308971752798673,-0.16,0,0
TOI-912,TOI-912 b,0.0160463944936174,-0.19,0,0
HD 128717,HD 128717 b,19.8,0.16,0,0
HD 152843,HD 152843 c,0.0304252225006432,-0.16,0,0
HD 28109,HD 28109 b,0.0195073815412604,0.1,0,0
Kepler-87,Kepler-87 c,0.02,-0.17,0,0
TOI-1422,TOI-1422 c,0.0440489260609106,-0.028,0,0
TOI-7510,TOI-7510 c,0.412,0.25,0,0
TOI-7510,TOI-7510 d,0.597,0.25,0,0
HD 72659,HD 72659 b,2.988,-0.02,0,0
CoRoT-16,CoRoT-16 b,0.535,0.19,0,0
TOI-2373,TOI-2373 b,9.3,0.3,0,0
TOI-1994,TOI-1994 b,22.1,-0.01,0,0
TOI-2524,TOI-2524 b,0.64,0.06,0,0
HD 142022 A,HD 142022 A b,4.51,0.19,0,0
TOI-1243,TOI-1243 b,0.0242269093335008,-0.2,0,0
NGTS-35,NGTS-35 b,0.478245482947029,0.085,0,0
GJ 3090,GJ 3090 b,0.0142215104139511,0.12,0,0
TOI-5788,TOI-5788 b,0.0117044289247562,-0.32,0,0
TOI-5788,TOI-5788 c,0.0201366519135591,-0.32,0,0
TOI-4495,TOI-4495 c,0.0729953631866518,0.18,0,0
Kepler-326,Kepler-326 c,0.055,0.2385,0,0
WASP-5,WASP-5 b,1.58,0.09,0,0
HD 48265,HD 48265 b,7.4,0.3,0,0
WASP-100,WASP-100 b,1.26,-0.03,0,0
Kepler-278,Kepler-278 c,0.109807679966127,0.22,0,0
WASP-157,WASP-157 b,0.574,0.25,0,0
TOI-3288,TOI-3288 b,1.687,0.65,0,0
K2-222,K2-222 b,0.0235976389612021,-0.315,0,0
HD 202772 A,HD 202772 A b,1.018,0.232,0,0
HD 89839,HD 89839 b,5.5,0.04,0,0
HD 181433,HD 181433 d,2.7,0.4012,0,0
TOI-5916,TOI-5916 b,0.713,0.09,0,0
TOI-5292 A,TOI-5292 A b,1.299,0.33,0,0
TIC 87422071,TIC 87422071 b,1.29,0.16,0,0
Kepler-99,Kepler-99 b,0.019,0.18,0,0
HD 38529,HD 38529 c,10.38,0.51,0,0
EPIC 220674823,EPIC 220674823 b,0.0237234930356618,-0.005,0,0
TIC 245076932,TIC 245076932 b,0.51,0.02,0,0
HD 217107,HD 217107 b,1.446,0.37,0,0
TOI-519,TOI-519 b,0.463,0.27,0,0
TOI-406,TOI-406.01,0.020671531730013,-0.02,0,0
WASP-107,WASP-107 b,0.096,0.02,0,0
TOI-2076,TOI-2076 b,0.0210805574720072,-0.09,0,0
TOI-2076,TOI-2076 c,0.022653733402754,-0.09,0,0
K2-79,K2-79 b,0.0185634759828123,0.035,0,0
TOI-4342,TOI-4342 b,0.0229683685889034,0.26,0,0
TOI-4342,TOI-4342 c,0.0151024889351693,0.26,0,0
Kepler-203,Kepler-203 d,0.107,0.08,0,0
TOI-2076,TOI-2076 d,0.0229683685889034,-0.09,0,0
TOI-672,TOI-672 b,0.160149309750025,-0.14,0,0
K2-111,K2-111 b,0.0168329824589908,-0.46,0,0
TOI-2529,TOI-2529 b,2.34,0.1,0,0
OGLE-2018-BLG-0740L,OGLE-2018-BLG-0740L b,4.8,-0.24,0,0
TOI-815,TOI-815 b,0.0239122741473515,-0.09,0,0
OGLE-TR-182,OGLE-TR-182 b,1.01,0.37,0,0
Kepler-29,Kepler-29 b,0.0157316804581065,-0.44,0,0
NGTS-27,NGTS-27 b,0.593,0.0,0,0
TOI-776,TOI-776 c,0.0217098278443059,-0.21,0,0
K2-19,K2-19 c,0.0346098704764298,0.06,0,0
K2-19,K2-19 b,0.0969076373340033,0.06,0,0
Kepler-26,Kepler-26 b,0.0161092407891011,-0.13,0,0
Kepler-26,Kepler-26 c,0.0195072837680521,-0.13,0,0
Kepler-307,Kepler-307 c,0.0114526633735016,0.19,0,0
TOI-451,TOI-451 b,0.01478785374902,0.02,0,0
TOI-1855,TOI-1855 b,1.133,0.399,0,0
TOI-2368,TOI-2368 b,0.65,0.1,0,0
TOI-3919,TOI-3919 b,3.88,0.175,0,0
TOI-4153,TOI-4153 b,1.15,0.317,0,0
TOI-5301,TOI-5301 b,3.72,0.03,0,0
WASP-156,WASP-156 b,0.131517507810433,0.305,0,0
Kepler-643,Kepler-643 b,1.01,0.13,0,0
HD 63935,HD 63935 c,0.0349245056625791,0.107,0,0
TOI-1601,TOI-1601 b,1.21763817039803,0.343,0,0
TOI-1444,TOI-1444 b,0.0112639396641471,0.146,0,0
TOI-1842,TOI-1842 b,0.281283856417529,0.332,0,0
HIP 97166,HIP 97166 b,0.060095320554528,0.248,0,0
TOI-1296,TOI-1296 b,0.299847332400341,0.405,0,0
TOI-1298,TOI-1298 b,0.311488834287868,0.397,0,0
Kepler-223,Kepler-223 e,0.0151024132397823,0.1,0,0
Kepler-223,Kepler-223 b,0.0232828870779977,0.1,0,0
Kepler-223,Kepler-223 d,0.0251706887329705,0.1,0,0
TOI-1451,TOI-1451 b,0.0478245482947029,0.019,0,0
Kepler-80,Kepler-80 d,0.0212377686184438,0.04,0,0
TOI-1753,TOI-1753 b,0.052229440900794,0.026,0,0
TOI-1776,TOI-1776 b,0.00440489260609106,-0.193,0,0
Kepler-80,Kepler-80 c,0.0212063052575276,0.04,0,0
HD 6061,HD 6061 b,0.0314635186149361,-0.05,0,0
TOI-329,TOI-329 b,0.127112615204342,0.205,0,0
HD 25463,HD 25463 c,0.0135293130044225,-0.018,0,0
TOI-1279,TOI-1279 b,0.0333513297318323,-0.079,0,0
HD 15337,HD 15337 b,0.0205110677850769,0.03,0,0
HAT-P-67,HAT-P-67 b,0.45,0.14,0,0
CoRoT-32,CoRoT-32 b,0.15,0.0,0,0
Kepler-539,Kepler-539 c,2.4,-0.01,0,0
Kepler-1647,Kepler-1647 b,1.51968033225309,-0.14,0,0
TOI-2379,TOI-2379 b,5.76,0.501,0,0
TOI-2384,TOI-2384 b,1.966,0.332,0,0
TOI-1011,TOI-1011 b,0.0127112615204342,0.03,0,0
TOI-2485,TOI-2485 b,2.412,0.097,0,0
TOI-421,TOI-421 c,0.04436356124706,-0.044,0,0
TOI-1173,TOI-1173 b,0.086210041004925,0.139,0,0
HD 260655,HD 260655 c,0.00972222725201527,-0.43,0,0
TOI-270,TOI-270 b,0.00465660075501055,-0.17,0,0
HD 183579,HD 183579 b,0.0641855779744697,-0.038,0,0
TOI-1824,TOI-1824 b,0.0503416297838978,0.124,0,0
HD 13931,HD 13931 b,2.8,0.05,0,0
GJ 486,GJ 486 b,0.00871539465633731,-0.15,0,0
TOI-6651,TOI-6651 b,0.19192746355111,0.225,0,0
CoRoT-9,CoRoT-9 b,0.84,-0.01,0,0
Kepler-80,Kepler-80 g,0.000204512870997085,0.04,0,0
HIP 65891,HIP 65891 b,5.888,0.16,0,0
K2-260,K2-260 b,1.72,0.334,0,0
K2-261,K2-261 b,0.217,0.372,0,0
Kepler-289,Kepler-289 c,0.49,0.05,0,0
K2-180,K2-180 b,0.0359,-0.578,0,0
K2-182,K2-182 b,0.066,0.022,0,0
K2-97,K2-97 b,0.549,0.328,0,0
K2-98,K2-98 b,0.107,-0.044,0,0
K2-114,K2-114 b,2.01,0.42,0,0
K2-277,K2-277 b,0.0232830037750527,0.078,0,0
HD 77338,HD 77338 b,0.05,0.32,0,0
GJ 143,GJ 143 b,0.0714218292798037,0.003,0,0
Kepler-289,Kepler-289 e,0.0547465223899889,-0.0098,0,0
HD 222155,HD 222155 b,1.83,-0.18,0,0
TOI-7041,TOI-7041 b,0.36,0.25,0,0
HD 89307,HD 89307 b,2.02,-0.13,0,0
TOI-1803,TOI-1803 c,0.0251708148919489,0.014,0,0
TOI-1803,TOI-1803 b,0.0324703512106141,0.014,0,0
HAT-P-11,HAT-P-11 b,0.0787,0.31,0,0
HAT-P-11,HAT-P-11 c,2.68,0.31,0,0
TOI-2328,TOI-2328 b,0.16,0.09,0,0
K2-263,K2-263 b,0.0484538186670017,-0.08,0,0
K2-229,K2-229 c,0.0220244630304553,-0.09,0,0
TOI-677,TOI-677 b,1.234,0.0,0,0
HR 810,HR 810 b,6.2,0.16,0,0
HD 141937,HD 141937 b,27.42,0.11,0,0
CoRoT-5,CoRoT-5 b,0.467,-0.25,0,0
TOI-5027,TOI-5027 b,2.02,-0.15,0,0
KOI-3680,KOI-3680 b,1.93,0.16,0,0
EPIC 229004835,EPIC 229004835 b,0.0327220593595336,-0.12,0,0
70 Vir,70 Vir b,7.49,-0.09,0,0
K2-24,K2-24 b,0.0597803857408048,0.34,0,0
TOI-6695,TOI-6695 b,0.21,0.2,0,0
Kepler-21,Kepler-21 b,0.0235976389612021,-0.03,0,0
MASCARA-4,MASCARA-4 b,1.675,0.0,0,0
HD 88133,HD 88133 b,1.02,0.34,0,0
LHS 1903,LHS 1903 e,0.018217377278048,-0.11,0,0
WASP-104,WASP-104 b,1.272,0.32,0,0
HD 18015,HD 18015 b,3.3,-0.14,0,0
TOI-1201,TOI-1201 b,0.0197590896901799,0.05,0,0
CoRoT-2,CoRoT-2 b,3.47,0.04,0,0
HD 190360,HD 190360 b,1.68,0.25,0,0
HD 190360,HD 190360 c,0.08,0.25,0,0
HD 154345,HD 154345 b,1.186,-0.105,0,0
K2-292,K2-292 b,0.077085234244722,0.07,0,0
K2-139,K2-139 b,0.387,0.24,0,0
Kepler-9,Kepler-9 c,0.0940754491394771,0.05,0,0
TOI-178,TOI-178 c,0.0145990726373304,-0.23,0,0
TOI-2431,TOI-2431 b,0.0195073815412604,-0.02,0,0
TOI-178,TOI-178 e,0.0109493044779978,-0.23,0,0
TOI-5205,TOI-5205 b,1.08,0.0,0,0
TOI-1794,TOI-1794 b,0.0273732611949944,0.035,0,0
HIP 8152,HIP 8152 b,0.0280025315672932,0.007,0,0
KOI-1599,KOI-1599.02,0.0283170248245918,0.06,0,0
K2-105,K2-105 b,0.0484538186670017,0.22,0,0
Kepler-51,Kepler-51 c,0.013,0.05,0,0
TIC 183374187,TIC 183374187 b,0.56,-0.39,0,0
K2-121,K2-121 b,0.160463944936174,0.04,0,0
HD 118203,HD 118203 b,2.14,0.287,0,0
Kepler-47,Kepler-47 b,0.00651291570965611,-0.25,0,0
TOI-6303,TOI-6303 b,7.84,0.44,0,0
Kepler-82,Kepler-82 f,0.0657584243148853,0.2107,0,0
Kepler-47,Kepler-47 d,0.0598433124626373,-0.25,0,0
Kepler-82,Kepler-82 b,0.0382279835131989,0.2107,0,0
HD 117207,HD 117207 b,2.106,0.19,0,0
TOI-1898,TOI-1898 b,0.405879390132676,-0.095,0,0
K2-146,K2-146 b,0.01816,-0.02,0,0
CoRoT-7,CoRoT-7 d,0.0539347636097235,0.12,0,0
XO-3,XO-3 b,13.27,-0.159,0,0
HR 8799,HR 8799 c,10.0,-0.47,0,0
HD 220689,HD 220689 b,1.2,-0.07,0,0
TOI-1075,TOI-1075 b,0.0313062010218615,-0.08,0,0
CoRoT-35,CoRoT-35 b,1.1,-0.5,0,0
WASP-132,WASP-132 b,0.428,0.15,0,0
HR 5183,HR 5183 b,3.31,0.1,0,0
eps Eri,eps Eri b,0.66,-0.13,0,0
HD 17156,HD 17156 b,3.26,0.208,0,0
WASP-110,WASP-110 b,0.487,-0.15,0,0
TOI-561,TOI-561 e,0.0390147630825208,-0.41,0,0
TOI-178,TOI-178 g,0.0138439481905719,-0.23,0,0
TOI-178,TOI-178 b,0.00302049778703387,-0.23,0,0
TOI-178,TOI-178 f,0.017713960980209,-0.23,0,0
TOI-756,TOI-756 b,0.0309286387984822,0.196,0,0
KOI-1599,KOI-1599.01,0.014473146021458,0.06,0,0
TOI-1246,TOI-1246 e,0.0456221019916574,0.168,0,0
KOI-142,KOI-142 c,0.674,0.27,0,0
EPIC 249893012,EPIC 249893012 b,0.0275304408016864,0.2,0,0
EPIC 249893012,EPIC 249893012 c,0.0461567504640846,0.2,0,0
KOI-142,KOI-142 b,0.03,0.27,0,0
EPIC 249893012,EPIC 249893012 d,0.0320297014127049,0.2,0,0
HD 196050,HD 196050 b,4.7,0.229,0,0
HD 187123,HD 187123 c,2.87,0.09,0,0
GJ 9827,GJ 9827 c,0.00585221446237812,-0.29,0,0
WASP-45,WASP-45 b,0.964,-0.03,0,0
TOI-3714,TOI-3714 b,0.7,0.1,0,0
TOI-1648,TOI-1648 b,0.0233,0.2,0,0
WASP-20,WASP-20 b,0.311,-0.008,0,0
WASP-120,WASP-120 b,4.85,-0.05,0,0
HD 23472,HD 23472 b,0.0261776474876269,-0.2,0,0
WASP-166,WASP-166 b,0.101,0.19,0,0
HD 66428,HD 66428 c,1.764,0.23,0,0
WASP-12,WASP-12 b,1.47,0.12,0,0
WASP-19,WASP-19 b,1.154,0.04,0,0
GJ 1061,GJ 1061 d,0.00525440760869433,-0.08,0,0
TOI-5349,TOI-5349 b,0.4,0.5,0,0
Kepler-29,Kepler-29 c,0.0141585124122959,-0.44,0,0
Kepler-177,Kepler-177 b,0.0183746027750684,-0.11,0,0
KOI-1783,KOI-1783.02,0.0471950413743196,0.11,0,0
Kepler-297,Kepler-297 b,0.153,-0.11,0,0
HD 28109,HD 28109 c,0.0289464371257412,0.1,0,0
WASP-108,WASP-108 b,0.892,0.1478,0,0
Kepler-51,Kepler-51 b,0.007,0.05,0,0
TOI-1338 A,TOI-1338 b,0.0355,0.01,0,0
Kepler-462,Kepler-462 b,0.169587515338388,0.05,0,0
Kepler-324,KOI-1831 d,0.00701636465113076,0.18,0,0
eps Ind A,eps Ind A b,7.63,0.22,0,0
NGTS-20,NGTS-20 b,2.98,0.15,0,0
HATS-37 A,HATS-37 A b,0.099,0.051,0,0
WASP-93,WASP-93 b,1.47,0.07,0,0
TOI-4504,TOI-4504 c,3.7672,0.16,0,0
TOI-238,TOI-238 b,0.0106032057732335,-0.114,0,0
TOI-199,TOI-199 b,0.17,0.22,0,0
K2-280,K2-280 b,0.116729654061413,0.33,0,0
HD 203030,HD 203030 b,11.0,0.3,0,0
TOI-2382,TOI-2382 b,0.74,0.249,0,0
HD 115954,HD 115954 b,8.45,0.34,0,0
HD 95338,HD 95338 b,0.135,0.08,0,0
HD 307842,TOI-784 b,0.0304252225006432,-0.13,0,0
TOI-1801,TOI-1801 b,0.0180537669812504,-0.19,0,0
BD+63 1405,BD+63 1405 b,10.4,-0.09,0,0
HD 137496,HD 137496 b,0.0127112615204342,-0.03,0,0
TOI-1244,TOI-1244 b,0.0207659222858579,0.034,0,0
TOI-1194,TOI-1194 b,0.377562223379234,0.348,0,0
TOI-1836,TOI-1836 b,0.121,-0.101,0,0
TOI-2196,TOI-2196 b,0.081805148398834,0.14,0,0
TOI-2876,TOI-2876 b,0.17,0.353,0,0
TOI-286,TOI-286 b,0.0142529739325661,-0.05,0,0
Kepler-1705,Kepler-1705 c,0.0170532270892954,-0.2,0,0
TOI-1438,TOI-1438 c,0.0333513297318323,0.03,0,0
HD 106252,HD 106252 b,10.0,-0.06,0,0
KELT-14,KELT-14 b,1.284,0.32,0,0
HD 171238,HD 171238 b,8.8,0.2,0,0
HD 81040,HD 81040 b,7.24,-0.04,0,0
Kepler-167,Kepler-167 e,1.01,0.02,0,0
TOI-2010,TOI-2010 b,1.286,0.168,0,0
HD 29021,HD 29021 b,4.47,-0.3,0,0
TOI-2345,TOI-2345 b,0.0109807679966127,-0.1,0,0
TOI-2981,TOI-2981 b,2.00737248763293,-0.11,0,0
HD 83443,HD 83443 c,1.5,0.34,0,0
TOI-270,TOI-270 c,0.0195073815412604,-0.17,0,0
GJ 357,GJ 357 b,0.00575782390653331,-0.12,0,0
kap And,kap And b,17.3,0.0,0,0
LTT 3780,LTT 3780 c,0.0252966689664087,0.06,0,0
TOI-5624,TOI-5624 d,0.0154171241213187,-0.023,0,0
TOI-5624,TOI-5624 c,0.0151024889351693,-0.023,0,0
TOI-1691,TOI-1691 b,0.0459367371778068,0.052,0,0
TOI-5293 A,TOI-5293 A b,0.54,-0.03,0,0
HD 39091,HD 39091 b,14.1,0.09,0,0
TOI-1518,TOI-1518 b,1.83,-0.1,0,0
55 Cnc,55 Cnc c,0.1714,0.39,0,0
HD 12661,HD 12661 c,2.83,0.36,0,0
2MASS J19383260+4603591,2MASS J19383260+4603591 b,1.9,-0.092,0,0
HD 103891,HD 103891 b,2.89,-0.19,0,0
KOI-984,KOI-984 c,0.66010462054136,0.12,0,0
HIP 41378,HIP 41378 c,0.0205456776555533,0.046,0,0
TOI-2969,TOI-2969 b,1.16,0.08,0,0
GJ 2030,GJ 2030 c,12.803,-0.4,0,0
HD 219828,HD 219828 c,16.054,0.19,0,0
HD 214823,HD 214823 b,18.61,0.17,0,0
GJ 676 A,GJ 676 A c,13.492,0.23,0,0
HD 149806,HD 149806 b,12.597,0.2206,0,0
HD 142,HD 142 b,7.1,0.09,0,0
HD 139357,HD 139357 b,19.871,-0.13,0,0
HD 224538,HD 224538 b,6.531,0.27,0,0
HIP 67537,HIP 67537 b,13.558,0.15,0,0
HD 30177,HD 30177 c,6.15,0.3699,0,0
HD 12235,HD 12235 c,9.866,0.31,0,0
HD 156098,HD 156098 c,5.228,0.12,0,0
HD 203387,HD 203387 c,7.485,0.05,0,0
bet Pic,bet Pic c,10.139,-0.21,0,0
HD 25015,HD 25015 b,9.077,0.04,0,0
HD 18143,HD 18143 c,9.998,0.28,0,0
HD 217786,HD 217786 b,13.852,-0.135,0,0
HD 125390,HD 125390 b,27.204,-0.11,0,0
HD 81817,HD 81817 b,24.128,-0.17,0,0
HD 190228,HD 190228 b,5.03,-0.24,0,0
HD 23596,HD 23596 b,11.914,0.33,0,0
GJ 367,GJ 367 b,0.00199164072832546,-0.01,0,0
HD 204313,HD 204313 e,15.317,0.18,0,0
HD 30177,HD 30177 b,8.403,0.3699,0,0
HD 217958,HD 217958 b,0.524,0.2865,0,0
HD 95544,HD 95544 b,6.021,0.11,0,0
HD 25912,HD 25912 c,16.527,0.12,0,0
HD 43197,HD 43197 c,7.868,0.4,0,0
HD 74156,HD 74156 c,8.665,0.131,0,0
HD 7449,HD 7449 b,8.174,-0.105,0,0
HD 110537,HD 110537 b,27.099,0.09,0,0
HD 86264,HD 86264 b,9.808,0.202,0,0
HD 111232,HD 111232 c,18.063,-0.36,0,0
HD 142,HD 142 c,10.901,0.09,0,0
HD 217107,HD 217107 c,4.37,0.37,0,0
HD 73267,HD 73267 c,5.131,0.03,0,0
HD 219077,HD 219077 b,9.62,-0.13,0,0
HD 125271,HD 125271 b,10.904,-0.22,0,0
bet Pic,bet Pic b,11.729,-0.21,0,0
HD 145934,HD 145934 b,2.072,0.0951,0,0
HIP 97233,HIP 97233 b,19.187,0.29,0,0
HD 88072,HD 88072 b,7.903,0.0426,0,0
HD 93351,HD 93351 c,13.07,-0.23,0,0
HD 10697,HD 10697 b,5.743,0.17,0,0
TrES-2,TrES-2 b,1.49,-0.15,0,0
WASP-47,WASP-47 d,0.048768453853151,0.43,0,0
WASP-65,WASP-65 b,1.55,-0.07,0,0
HAT-P-21,HAT-P-21 b,4.87,0.01,0,0
GJ 436,GJ 436 b,0.07,0.0991,0,0
WASP-88,WASP-88 b,0.42,-0.08,0,0
HATS-8,HATS-8 b,0.138,0.21,0,0
WASP-56,WASP-56 b,0.45,0.12,0,0
HAT-P-26,HAT-P-26 b,0.07,-0.04,0,0
HAT-P-28,HAT-P-28 b,0.626,0.12,0,0
HAT-P-16,HAT-P-16 b,4.221,0.17,0,0
WASP-64,WASP-64 b,1.271,-0.08,0,0
TOI-3486,TOI-3486 b,0.312,0.283,0,0
TrES-4,TrES-4 b,0.78,0.14,0,0
HAT-P-20,HAT-P-20 b,7.246,0.35,0,0
WASP-35,WASP-35 b,0.71,-0.15,0,0
HD 66428,HD 66428 b,10.946,0.23,0,0
TOI-3593,TOI-3593 b,1.78,0.384,0,0
HAT-P-3,HAT-P-3 b,0.65,0.27,0,0
HATS-3,HATS-3 b,1.071,-0.157,0,0
HATS-36,HATS-36 b,3.216,0.15,0,0
K2-216,K2-216 b,0.0251706887329705,0.0,0,0
TOI-3884,TOI-3884 b,0.102539607166077,0.04,0,0
Kepler-289,Kepler-289 d,0.016770055421761,0.05,0,0
KELT-8,KELT-8 b,0.66,0.27,0,0
WASP-174,WASP-174 b,0.33,0.06,0,0
TOI-7149,TOI-7149 b,0.705,-0.08,0,0
TOI-5789,TOI-5789 c,0.0157317593074681,-0.12,0,0
Kepler-849,Kepler-849 b,0.94,0.145,0,0
NGTS-25,NGTS-25 b,0.639,0.12,0,0
BD-210397,BD-210397 c,4.8,0.12,0,0
WASP-74,WASP-74 b,0.72,0.39,0,0
TOI-5322,TOI-5322 b,0.579,-0.048,0,0
WASP-82,WASP-82 b,1.17,0.12,0,0
TOI-1136,TOI-1136 g,0.0176195704243642,0.07,0,0
TOI-1249,TOI-1249 b,0.037441587151774,0.297,0,0
TOI-6330,TOI-6330 b,10.0,0.08,0,0
GJ 3473,GJ 3473 b,0.00585218513041563,0.11,0,0
TOI-2018,TOI-2018 b,0.0289464371257412,-0.58,0,0
Gaia-4,Gaia-4 b,11.8,0.05,0,0
TIC 147027702,TIC 147027702 b,1.09,-0.08,0,0
Kepler-23,Kepler-23 c,0.0245730080382651,-0.112,0,0
WASP-163,WASP-163 b,1.87,-0.34,0,0
WASP-150,WASP-150 b,8.46,0.156,0,0
Kepler-57,Kepler-57 c,0.0215839737698462,0.1166,0,0
Kepler-305,Kepler-305 d,0.0195073815412604,0.09,0,0
Kepler-28,Kepler-28 b,0.00512855353423459,0.1451,0,0
TOI-6692,TOI-6692 b,0.62,-0.008,0,0
TOI-3321,TOI-3321 b,0.554,-0.103,0,0
Kepler-28,Kepler-28 c,0.00648148483467684,0.1451,0,0
HD 332231,HD 332231 b,0.233144672936677,0.043,0,0
NGTS-26,NGTS-26 b,0.292,0.2,0,0
HD 11506,HD 11506 b,4.88,0.3,0,0
TOI-5398,TOI-5398 c,0.0371269519656246,0.09,0,0
TOI-6016,TOI-6016 b,1.17,0.28,0,0
HAT-P-52,HAT-P-52 b,0.818,0.28,0,0
TIC 365102760,TIC 365102760 b,0.0604099557406774,0.09,0,0
HAT-P-60,HAT-P-60 b,0.574,0.037,0,0
HD 48265,HD 48265 c,4.45,0.39,0,0
TOI-1294,TOI-1294 b,0.201051883949442,0.283,0,0
TOI-1823,TOI-1823 b,0.21206411546467,0.243,0,0
TIC 139270665,TIC 139270665 b,0.463,0.156,0,0
Kepler-43,Kepler-43 b,3.23,0.33,0,0
TOI-3364,TOI-3364 b,1.67,0.387,0,0
TOI-6029,TOI-6029 b,1.635,0.37,0,0
HAT-P-69,HAT-P-69 b,3.58,-0.069,0,0
GJ 900 A,GJ 900 b,11.0,-0.63,0,0
TOI-2580,TOI-2580 b,0.63,0.26,0,0
KOI-12,Kepler-448 c,22.0,0.0815,0,0
HIP 39017,HIP 39017 b,23.6,-0.26,0,0
TOI-1410,TOI-1410.01,0.0393293982686702,0.328,0,0
Kepler-24,Kepler-24 c,0.0314320550963212,-0.0708,0,0
Kepler-24,Kepler-24 b,0.0350503597370389,-0.0708,0,0
Kepler-725,Kepler-725 c,0.0305196130564881,0.14,0,0
TOI-1742,TOI-1742 b,0.0305196130564881,0.193,0,0
WASP-168,WASP-168 b,0.42,-0.01,0,0
WASP-126,WASP-126 c,0.201994777082088,0.2068,0,0
TOI-220,TOI-220 b,0.0434196556886119,-0.217,0,0
NGTS-31,NGTS-31 b,1.12,0.0,0,0
WASP-173 A,WASP-173 A b,3.69,0.16,0,0
TOI-1203,TOI-1203.01,0.0232515402564378,-0.39,0,0
TOI-837,TOI-837 b,0.379,0.01,0,0
WASP-47,WASP-47 b,1.17673559619861,0.43,0,0
BD-17 63,BD-17 63 b,5.16,-0.03,0,0
TIC 4672985,TIC 4672985 b,12.74,0.14,0,0
TOI-2803 A,TOI-2803 A b,0.975,-0.105,0,0
CoRoT-12,CoRoT-12 b,0.917,0.16,0,0
WASP-160 B,WASP-160 B b,0.278,0.27,0,0
TOI-132,TOI-132 b,0.0704779284523173,0.16,0,0
TOI-892,TOI-892 b,0.95,0.24,0,0
HD 11506,HD 11506 d,12.8,0.3,0,0
HD 140901,HD 140901 c,1.8,0.0859,0,0
HD 16905,HD 16905 b,11.3,0.2405,0,0
WASP-193,WASP-193 b,0.112,-0.108,0,0
HD 110067,HD 110067 d,0.0268069178599256,-0.2,0,0
LHS 1815,LHS 1815 b,0.00497123594115991,-0.12,0,0
HD 75898,HD 75898 c,8.49,0.29,0,0
Kepler-51,Kepler-51 e,0.0169903000520655,0.047,0,0
LHS 1140,LHS 1140 b,0.0176195704243642,-0.15,0,0
TOI-1937 A,TOI-1937 A b,2.01,0.196,0,0
KELT-6,KELT-6 b,0.52,-0.28,0,0
CoRoT-19,CoRoT-19 b,1.11,-0.02,0,0
TOI-1899,TOI-1899 b,0.67,0.28,0,0
TOI-2236,TOI-2236 b,1.58,0.119,0,0
HAT-P-40,HAT-P-40 b,0.48,0.22,0,0
EPIC 201595106,EPIC 201595106 b,0.024132518777656,0.01,0,0
GJ 581,GJ 581 e,0.00780295261650416,-0.08,0,0
Kepler-279,Kepler-279 e,0.176195704243642,-0.1141,0,0
TOI-5624,TOI-5624 b,0.02957570749804,-0.023,0,0
LHS 1478,LHS 1478 b,0.00733099983728012,-0.13,0,0
Kepler-20,Kepler-20 d,0.0421611149440144,0.07,0,0
CD-35 2722,CD-35 2722 b,29.5,-0.16,0,0
WASP-22,WASP-22 b,0.67,-0.05,0,0
Kepler-105,Kepler-105 b,0.033980600104131,-0.09,0,0
Kepler-105,Kepler-105 c,0.0176195704243642,-0.09,0,0
Kepler-1656,Kepler-1656 b,0.15,0.19,0,0
LTT 3780,LTT 3780 b,0.00774002557927429,0.06,0,0
HD 260655,HD 260655 b,0.00673319298359633,-0.43,0,0
Kepler-450,Kepler-450 b,0.0610389201774534,0.1278,0,0
Kepler-407,Kepler-407 b,0.00607245909268268,0.35,0,0
K2-37,K2-37 d,0.0393293982686702,-0.08,0,0
WASP-85 A,WASP-85 A b,1.265,0.118,0,0
HD 207496,HD 207496 b,0.019192746355111,0.095,0,0
GJ 806,GJ 806 b,0.00597806853683787,-0.28,0,0
HD 29985,HD 29985 b,5.473,-0.22,0,0
K2-233,K2-233 c,0.0144732185628706,-0.082,0,0
TOI-1472,TOI-1472 c,0.067,0.27,0,0
Kepler-278,Kepler-278 b,0.176195704243642,0.22,0,0
KOI-351,KOI-351 h,0.638709427883204,0.083,0,0
GJ 1061,GJ 1061 b,0.00349245056625791,-0.08,0,0
ups And,ups And d,10.25,0.1014,0,0
LP 791-18,LP 791-18 c,0.0225278793282943,-0.09,0,0
K2-199,K2-199 b,0.0217098278443059,-0.01,0,0
Kepler-139,Kepler-139 b,0.0220244630304553,0.35,0,0
Kepler-549,Kepler-549 b,0.0346096970078344,-0.03,0,0
gam Cep,gam Cep b,6.6,0.18,0,0
HD 111232,HD 111232 b,7.965,-0.36,0,0
51 Peg,51 Peg b,0.46,0.18,0,0
TOI-4311,TOI-4311 b,0.0141585833767213,-0.065,0,0
Kepler-65,Kepler-65 c,0.017,0.17,0,0
Kepler-7,Kepler-7 b,0.441,0.11,0,0
KOI-12,KOI-12 b,1.1,0.0815,0,0
GJ 676 A,GJ 676 A b,5.792,0.23,0,0
HD 125612,HD 125612 d,7.178,0.23,0,0
AB Pic,AB Pic b,13.5,0.04,0,0
GJ 581,GJ 581 b,0.0645002131606191,-0.08,0,0
GJ 581,GJ 581 c,0.0214266561767715,-0.08,0,0
GJ 876,GJ 876 c,0.7142,0.2129,0,0
Kepler-40,Kepler-40 b,2.2,0.1,0,0
GSC 06214-00210,GSC 06214-00210 b,16.0,-0.06,0,0
Kepler-123,Kepler-123 b,0.174,-0.08,0,0
CT Cha,CT Cha b,17.0,-0.56,0,0
Kepler-6,Kepler-6 b,0.668,0.34,0,0
Kepler-267,Kepler-267 b,0.119,-0.18,0,0
HD 126614,HD 126614 b,0.339,0.56,0,0
HD 128311,HD 128311 c,3.789,0.08,0,0
K2-27,K2-27 b,0.0950198262171071,0.12,0,0
HD 70642,HD 70642 b,3.9,0.22,0,0
HD 30562,HD 30562 b,1.47,0.2,0,0
HD 73267,HD 73267 b,4.158,0.03,0,0
HD 100777,HD 100777 b,1.23,-0.27,0,0
TOI-5210,TOI-5210 b,0.258,0.324,0,0
HD 8673,HD 8673 b,13.248,0.1474,0,0
K2-370,K2-370 b,0.0349245056625791,0.08,0,0
HATS-1,HATS-1 b,1.855,-0.06,0,0
OGLE-TR-132,OGLE-TR-132 b,1.18,0.37,0,0
CoRoT-7,CoRoT-7 c,0.026429223169619,0.06,0,0
tau Boo,tau Boo b,5.95,0.2642,0,0
TOI-1723,TOI-1723 b,0.0327220593595336,0.159,0,0
HD 204313,HD 204313 b,4.615,0.18,0,0
CoRoT-24,CoRoT-24 c,0.088,0.3,0,0
K2-138,K2-138 c,0.0198533807381304,0.14,0,0
HATS-63,HATS-63 b,0.96,0.081,0,0
CoRoT-22,CoRoT-22 b,0.038,0.17,0,0
HATS-11,HATS-11 b,0.83,0.03,0,0
Kepler-47,Kepler-47 c,0.00997388541043954,-0.25,0,0
HD 27631,HD 27631 b,1.56,-0.12,0,0
HD 98649,HD 98649 b,9.7,-0.06,0,0
CoRoT-29,CoRoT-29 b,0.85,0.2,0,0
HATS-39,HATS-39 b,0.63,0.0,0,0
GJ 504,GJ 504 b,4.0,0.28,0,0
ROXs 12,ROXs 12 b,16.0,0.14,0,0
NGTS-14 A,NGTS-14 A b,0.092,0.1,0,0
Kepler-36,Kepler-36 b,0.0120504672309096,-0.18,0,0
Kepler-48,Kepler-48 e,2.067,0.17,0,0
K2-233,K2-233 d,0.0324074241733842,-0.082,0,0
TOI-558,TOI-558 b,3.61,-0.004,0,0
HD 183263,HD 183263 c,9.31,0.2776,0,0
HD 156279,HD 156279 c,9.75,0.14,0,0
CoRoT-21,CoRoT-21 b,2.26,0.0,0,0
WASP-177,WASP-177 b,0.508,0.25,0,0
LP 791-18,LP 791-18 d,0.00286318019395919,-0.09,0,0
TOI-640,TOI-640 b,0.57,0.072,0,0
K2-107,K2-107 b,0.84,0.14,0,0
K2-229,K2-229 b,0.00802319724680872,-0.09,0,0
Kepler-411,Kepler-411 e,0.0339804297895101,0.21,0,0
HATS-76,HATS-76 b,2.629,0.322,0,0
HATS-77,HATS-77 b,1.374,0.253,0,0
KELT-17,KELT-17 b,1.31,-0.018,0,0
Kepler-65,Kepler-65 e,0.82,0.13,0,0
TOI-2109,TOI-2109 b,5.02,0.068,0,0
HD 191806,HD 191806 b,9.334,0.3,0,0
KPS-1,KPS-1 b,1.09,0.22,0,0
V830 Tau,V830 Tau b,0.7,-0.08,0,0
K2-233,K2-233 b,0.00755124446758467,-0.082,0,0
HD 224018,HD 224018 c,0.0327220593595336,0.05,0,0
TOI-7510,TOI-7510 b,0.0571,0.25,0,0
HD 110113,HD 110113 b,0.0143158292168769,0.14,0,0
Kepler-277,Kepler-277 b,0.275,0.09,0,0
HD 69123,HD 69123 b,3.09,0.05,0,0
TOI-1478,TOI-1478 b,0.88,0.078,0,0
TOI-1203,TOI-1203 b,0.0110436950338426,-0.39,0,0
Kepler-279,Kepler-279 c,0.155,-0.1141,0,0
Kepler-139,Kepler-139 d,0.00629270372298723,0.35,0,0
Kepler-65,Kepler-65 b,0.0076,0.17,0,0
Kepler-80,Kepler-80 e,0.012994368058396,0.04,0,0
Kepler-406,Kepler-406 b,0.02,0.18,0,0
Kepler-231,Kepler-231 b,0.111,-0.1,0,0
Kepler-385,Kepler-385 c,0.042,0.01,0,0
Kepler-60,Kepler-60 b,0.0131831482238933,-0.09,0,0
Kepler-100,Kepler-100 b,0.0126168709645894,0.1,0,0
KOI-2513,KOI-2513.01,23.0,-0.37,0,0
Kepler-145,Kepler-145 b,0.117,-0.0014,0,0
Kepler-85,Kepler-85 b,0.00578928742514825,0.12,0,0
Kepler-36,Kepler-36 c,0.0224333763332599,-0.18,0,0
TOI-1634,TOI-1634 b,0.0154171241213187,0.23,0,0
Kepler-161,Kepler-161 c,0.0113583302199919,0.24,0,0
Kepler-114,Kepler-114 d,0.012,0.2291,0,0
TOI-3984 A,TOI-3984 A b,0.14,0.18,0,0
Kepler-350,Kepler-350 c,0.019,0.041,0,0
Kepler-55,Kepler-55 c,0.22,-0.01,0,0
Kepler-417,Kepler-417 b,0.035,-0.204,0,0
UCAC3 113-933,UCAC3 113-933 b,21.0,-0.95,0,0
Kepler-363,Kepler-363 c,0.209,0.3965,0,0
Kepler-272,Kepler-272 b,0.245,0.04,0,0
TIC 241249530,TIC 241249530 b,4.98,0.09,0,0
NGTS-6,NGTS-6 b,1.339,0.11,0,0
NGTS-32,NGTS-32 b,0.57,-0.03,0,0
TOI-5344,TOI-5344 b,0.412,0.425,0,0
Kepler-345,Kepler-345 b,0.00151024889351693,0.1905,0,0
Kepler-240,Kepler-240 c,0.322,0.41,0,0
Kepler-424,Kepler-424 b,1.03,0.44,0,0
Kepler-223,Kepler-223 c,0.0160463140672687,0.1,0,0
TOI-663,TOI-663 c,0.0114841842944517,0.07,0,0
Kepler-238,Kepler-238 d,0.0726807280005025,0.34,0,0
HATS-30,HATS-30 b,0.706,0.06,0,0
Kepler-238,Kepler-238 e,0.534,0.34,0,0
Kepler-106,Kepler-106 c,0.033,-0.12,0,0
Kepler-327,Kepler-327 c,0.064,-0.2,0,0
Kepler-1660 A,Kepler-1660 AB b,4.992,-0.36,0,0
HD 26161,HD 26161 b,28.46,-0.0095,0,0
Kepler-80,Kepler-80 b,0.0218041091149357,0.04,0,0
Kepler-94,Kepler-94 b,0.034,0.34,0,0
Kepler-305,Kepler-305 c,0.019,0.09,0,0
Kepler-279,Kepler-279 d,0.118,-0.1141,0,0
HD 80869,HD 80869 b,5.065,0.17,0,0
Kepler-101,Kepler-101 b,0.16,0.33,0,0
CoRoT-30,CoRoT-30 b,2.9,0.02,0,0
CoRoT-31,CoRoT-31 b,0.84,0.0,0,0
Kepler-117,Kepler-117 c,1.84,-0.04,0,0
HATS-4,HATS-4 b,1.323,0.43,0,0
TOI-2567,TOI-2567 b,0.201,0.241,0,0
Kepler-1705,Kepler-1705 b,0.0140641928208765,-0.2,0,0
TOI-3862,TOI-3862 b,0.1688,0.11,0,0
KELT-4 A,KELT-4 A b,0.902,-0.116,0,0
WASP-141,WASP-141 b,2.69,0.29,0,0
TOI-6038 A,TOI-6038 A b,0.246988621127249,0.124,0,0
G 9-40,G 9-40 b,0.0125854074459745,-0.07,0,0
TOI-2322,TOI-2322 c,0.0569489686930344,-0.12,0,0
HD 86065,HD 86065 b,9.053,-0.0202,0,0
HD 115404 A,HD 115404 A c,10.319,-0.1568,0,0
Kepler-19,Kepler-19 d,0.0707925620614794,-0.08,0,0
TOI-1107,TOI-1107 b,3.35,-0.1,0,0
CoRoT-4,CoRoT-4 b,0.72,0.05,0,0
KOI-1783,KOI-1783.01,0.223389862505113,0.11,0,0
HD 109988,HD 109988 b,21.821,0.14,0,0
HD 11112,HD 11112 b,8.176,0.1869,0,0
HATS-27,HATS-27 b,0.53,0.09,0,0
HD 11505,HD 11505 b,7.899,-0.2203,0,0
HD 135872,HD 135872 b,5.489,0.09,0,0
HD 113337,HD 113337 c,19.821,0.07,0,0
HD 188641,HD 188641 b,29.365,-0.08,0,0
HD 164604,HD 164604 c,9.5,0.12,0,0
TOI-908,TOI-908 b,0.0507726799889224,0.08,0,0
Kepler-81,Kepler-81 b,0.054,-0.18,0,0
Kepler-54,Kepler-54 b,0.00308342482426374,-0.27,0,0
Kepler-82,Kepler-82 c,0.0437340716735362,0.2107,0,0
Kepler-49,Kepler-49 b,0.0307398576867926,0.03,0,0
Kepler-84,Kepler-84 b,0.126,-0.07,0,0
Kepler-277,Kepler-277 c,0.202,0.09,0,0
Kepler-84,Kepler-84 c,0.064,-0.07,0,0
K2-66,K2-66 b,0.0670169587515339,-0.047,0,0
Kepler-553,Kepler-553 c,6.7,0.152,0,0
Kepler-219,Kepler-219 d,0.06,0.36,0,0
Kepler-176,Kepler-176 d,0.00541172520176902,0.13,0,0
KOI-351,KOI-351 g,0.0471952779224042,0.083,0,0
OGLE-TR-113,OGLE-TR-113 b,1.26,0.09,0,0
Kepler-76,Kepler-76 b,2.01,-0.1,0,0
WASP-55,WASP-55 b,0.586,-0.03,0,0
HD 28185,HD 28185 c,6.0,0.19,0,0
TOI-375,TOI-375 b,0.745,0.084,0,0
K2-290,K2-290 c,0.774,-0.06,0,0
HD 164604,HD 164604 b,13.2,0.12,0,0
V1298 Tau,V1298 Tau d,0.0188781111689617,0.1,0,0
LHS 1903,LHS 1903 b,0.0103200341056991,-0.11,0,0
TOI-1232,TOI-1232 b,0.694,0.18,0,0
TOI-1232,TOI-1232 c,0.184,0.18,0,0
TOI-178,TOI-178 d,0.0163610296797668,-0.23,0,0
TOI-198,TOI-198 b,0.00997393540093476,-0.66,0,0
TOI-1470,TOI-1470 c,0.0227795874772138,0.0,0,0
TOI-1238,TOI-1238 c,0.0261776474876269,0.31,0,0
HIP 8152,HIP 8152 c,0.0336659649179817,0.007,0,0
HD 5278,HD 5278 b,0.0245415445196502,-0.12,0,0
WASP-117,WASP-117 b,0.3,-0.11,0,0
TOI-125,TOI-125 c,0.0208602082874493,-0.02,0,0
HATS-38,HATS-38 b,0.074,-0.102,0,0
TOI-1470,TOI-1470 b,0.0230312956261333,0.0,0,0
TOI-763,TOI-763 c,0.0293238523739106,0.01,0,0
TOI-5624,TOI-5624 e,0.0280025315672932,-0.023,0,0
TOI-481,TOI-481 b,1.53,0.26,0,0
