hostname,max_massj,st_met,n_planets,has_giant
14 Her,8.9,0.43,2,True
2MASS J04372171+2651014,4.0,0.01,1,True
2MASS J19383260+4603591,1.9,-0.092,1,True
51 Peg,0.46,0.18,1,True
55 Cnc,3.878,0.39,5,True
70 Vir,7.49,-0.09,1,True
AB Pic,13.5,0.04,1,True
AF Lep,3.61,0.19,1,True
AU Mic,0.0663880242775153,0.01,4,False
BD+20 594,0.07,-0.15,1,False
BD+63 1405,10.4,-0.09,1,True
BD-14 3065 A,12.37,-0.34,1,True
BD-17 63,5.16,-0.03,1,True
BD-210397,4.8,0.12,1,True
CD-35 2722,29.5,-0.16,1,True
COCONUTS-2 A,7.5,0.0,1,True
CT Cha,17.0,-0.56,1,True
CoRoT-1,1.03,-0.3,1,True
CoRoT-10,2.75,0.26,1,True
CoRoT-11,2.33,-0.03,1,True
CoRoT-12,0.917,0.16,1,True
CoRoT-13,1.308,0.01,1,True
CoRoT-14,7.6,0.05,1,True
CoRoT-16,0.535,0.19,1,True
CoRoT-17,2.43,0.0,1,True
CoRoT-18,3.47,-0.1,1,True
CoRoT-19,1.11,-0.02,1,True
CoRoT-2,3.47,0.04,1,True
CoRoT-20,4.3,0.14,1,True
CoRoT-21,2.26,0.0,1,True
CoRoT-22,0.038,0.17,1,False
CoRoT-23,2.8,0.05,1,True
CoRoT-24,0.088,0.3,1,False
CoRoT-25,0.27,-0.01,1,True
CoRoT-26,0.52,0.01,1,True
CoRoT-27,10.39,-0.1,1,True
CoRoT-28,0.484,0.15,1,True
CoRoT-29,0.85,0.2,1,True
CoRoT-3,21.66,0.14,1,True
CoRoT-30,2.9,0.02,1,True
CoRoT-31,0.84,0.0,1,True
CoRoT-32,0.15,0.0,1,False
CoRoT-35,1.1,-0.5,1,True
CoRoT-4,0.72,0.05,1,True
CoRoT-5,0.467,-0.25,1,True
CoRoT-6,2.96,-0.2,1,True
CoRoT-7,0.0539347636097235,0.05,3,False
CoRoT-8,0.22,0.3,1,True
CoRoT-9,0.84,-0.01,1,True
EPIC 201595106,0.024132518777656,0.01,1,False
EPIC 211945201,0.0346098704764298,0.1,1,False
EPIC 220674823,0.0248561797057995,-0.005,2,False
EPIC 229004835,0.0327220593595336,-0.12,1,False
EPIC 246851721,3.0,0.141,1,True
EPIC 249893012,0.0461567504640846,0.2,3,False
G 9-40,0.0125854074459745,-0.07,1,False
GJ 1061,0.00569489686930344,-0.08,3,False
GJ 1132,0.00578,-0.17,1,False
GJ 1214,0.0264608191551613,0.24,1,False
GJ 1252,0.00415318445717157,0.1,1,False
GJ 143,0.0714218292798037,0.003,1,False
GJ 179,0.95,0.3,1,True
GJ 2030,12.803,-0.4,1,True
GJ 3090,0.0142215104139511,0.12,1,False
GJ 317,2.5,-0.02,1,True
GJ 3470,0.0437340716735362,0.2,1,False
GJ 3473,0.00585218513041563,0.11,1,False
GJ 357,0.00575782390653331,-0.12,1,False
GJ 367,0.00199164072832546,-0.01,1,False
GJ 3929,0.00550611575761382,-0.02,1,False
GJ 436,0.07,0.0991,1,False
GJ 463,3.4,-0.16,1,True
GJ 486,0.00871539465633731,-0.15,1,False
GJ 504,4.0,0.28,1,True
GJ 581,0.0645002131606191,-0.08,3,False
GJ 676 A,13.492,0.23,2,True
GJ 806,0.00597806853683787,-0.28,1,False
GJ 832,0.99,-0.3,1,True
GJ 876,2.2756,0.2129,4,True
GJ 900 A,11.0,-0.63,1,True
GJ 9827,0.0134663859671927,-0.29,3,False
GPX-1,19.7,0.35,1,True
GQ Lup,20.0,-0.35,1,True
GSC 06214-00210,16.0,-0.06,1,True
GU Psc,11.3,0.1,1,True
Gaia-4,11.8,0.05,1,True
Gaia-5,20.87,-0.18,1,True
Gliese 12,0.00298903426841893,-0.24,1,False
HAT-P-1,0.525,0.13,1,True
HAT-P-11,2.68,0.31,2,True
HAT-P-12,0.211,-0.29,1,True
HAT-P-13,0.851,0.46,1,True
HAT-P-14,3.44,0.11,1,True
HAT-P-15,1.94,0.22,1,True
HAT-P-16,4.221,0.17,1,True
HAT-P-17,0.58,0.0,1,True
HAT-P-18,0.197,0.1,1,True
HAT-P-19,0.277,0.166,1,True
HAT-P-2,10.7,0.18,2,True
HAT-P-20,7.246,0.35,1,True
HAT-P-21,4.87,0.01,1,True
HAT-P-22,2.47,0.24,1,True
HAT-P-23,2.09,0.15,1,True
HAT-P-24,0.75,-0.16,1,True
HAT-P-25,0.569,0.294,1,True
HAT-P-26,0.07,-0.04,1,False
HAT-P-27,0.62,0.3,1,True
HAT-P-28,0.626,0.12,1,True
HAT-P-29,0.88,0.21,1,True
HAT-P-3,0.65,0.27,1,True
HAT-P-30,0.83,0.13,1,True
HAT-P-31,2.27,0.15,1,True
HAT-P-32,0.68,-0.16,1,True
HAT-P-33,0.92,0.05,1,True
HAT-P-34,3.33,0.22,1,True
HAT-P-35,1.056,0.11,1,True
HAT-P-36,1.8482,0.25,1,True
HAT-P-37,1.169,0.03,1,True
HAT-P-38,0.267,0.06,1,True
HAT-P-39,0.599,0.19,1,True
HAT-P-4,0.671,0.24,1,True
HAT-P-40,0.48,0.22,1,True
HAT-P-41,1.19,0.21,1,True
HAT-P-42,1.044,0.27,1,True
HAT-P-43,0.662,0.2,1,True
HAT-P-44,0.352,0.33,1,True
HAT-P-45,0.892,0.07,1,True
HAT-P-46,0.493,0.3,1,True
HAT-P-49,2.2,0.07,1,True
HAT-P-5,0.98,0.24,1,True
HAT-P-50,1.35,-0.18,1,True
HAT-P-51,0.307,0.302,1,True
HAT-P-52,0.818,0.28,1,True
HAT-P-53,1.484,0.0,1,True
HAT-P-54,0.76,-0.127,1,True
HAT-P-55,0.596,0.003,1,True
HAT-P-56,2.31,0.0,1,True
HAT-P-57,1.41,-0.25,1,True
HAT-P-58,0.372,-0.224,1,True
HAT-P-59,1.54,0.217,1,True
HAT-P-6,1.32,-0.13,1,True
HAT-P-60,0.574,0.037,1,True
HAT-P-61,1.057,0.194,1,True
HAT-P-62,0.761,0.414,1,True
HAT-P-63,0.614,0.251,1,True
HAT-P-64,0.58,-0.113,1,True
HAT-P-65,0.554,0.208,1,True
HAT-P-66,0.783,0.035,1,True
HAT-P-67,0.45,0.14,1,True
HAT-P-68,0.724,-0.059,1,True
HAT-P-69,3.58,-0.069,1,True
HAT-P-7,1.84,0.26,1,True
HAT-P-70,6.78,-0.059,1,True
HAT-P-8,1.28,0.01,1,True
HAT-P-9,0.749,0.12,1,True
HATS-1,1.855,-0.06,1,True
HATS-10,0.526,0.15,1,True
HATS-11,0.83,0.03,1,True
HATS-12,2.39,-0.1,1,True
HATS-13,0.543,0.05,1,True
HATS-14,1.071,0.33,1,True
HATS-15,2.17,0.0,1,True
HATS-16,3.27,-0.1,1,True
HATS-17,1.338,0.3,1,True
HATS-18,1.9795,0.28,1,True
HATS-2,1.37,0.15,1,True
HATS-22,2.74,0.0,1,True
HATS-23,1.47,0.28,1,True
HATS-24,2.26,-0.229,1,True
HATS-25,0.613,0.02,1,True
HATS-26,0.65,-0.02,1,True
HATS-27,0.53,0.09,1,True
HATS-28,0.672,0.01,1,True
HATS-29,0.653,0.16,1,True
HATS-3,1.071,-0.157,1,True
HATS-30,0.706,0.06,1,True
HATS-31,0.88,0.0,1,True
HATS-32,0.92,0.39,1,True
HATS-33,1.192,0.29,1,True
HATS-34,0.941,0.25,1,True
HATS-35,1.222,0.21,1,True
HATS-36,3.216,0.15,1,True
HATS-37 A,0.099,0.051,1,False
HATS-38,0.074,-0.102,1,False
HATS-39,0.63,0.0,1,True
HATS-4,1.323,0.43,1,True
HATS-40,1.59,0.01,1,True
HATS-41,9.7,0.47,1,True
HATS-42,1.88,0.22,1,True
HATS-43,0.261,0.05,1,True
HATS-44,0.56,0.32,1,True
HATS-45,0.7,0.02,1,True
HATS-46,0.173,-0.06,1,True
HATS-47,0.369,-0.113,1,True
HATS-48 A,0.243,0.186,1,True
HATS-49,0.353,0.208,1,True
HATS-5,0.237,0.19,1,True
HATS-52,2.24,-0.2843,1,True
HATS-54,0.753,0.37,1,True
HATS-55,0.921,0.108,1,True
HATS-56,0.602,0.19,1,True
HATS-57,3.147,0.268,1,True
HATS-59,0.806,0.18,1,True
HATS-6,0.319,0.2,1,True
HATS-60,0.662,0.335,1,True
HATS-61,3.4,0.247,1,True
HATS-62,0.179,0.133,1,True
HATS-63,0.96,0.081,1,True
HATS-64,0.96,0.22,1,True
HATS-65,0.821,0.199,1,True
HATS-66,5.33,-0.017,1,True
HATS-67,1.45,0.332,1,True
HATS-68,1.29,0.21,1,True
HATS-69,0.577,0.377,1,True
HATS-7,0.12,0.25,1,False
HATS-70,12.9,0.041,1,True
HATS-71,0.37,0.17,1,True
HATS-72,0.1254,0.099,1,False
HATS-74 A,1.46,0.514,1,True
HATS-75,0.491,0.522,1,True
HATS-76,2.629,0.322,1,True
HATS-77,1.374,0.253,1,True
HATS-8,0.138,0.21,1,False
HATS-9,0.837,0.38,1,True
HD 100508,1.2,0.33,1,True
HD 100777,1.23,-0.27,1,True
HD 103891,2.89,-0.19,1,True
HD 106252,10.0,-0.06,1,True
HD 106270,11.4,0.06,1,True
HD 106315,0.0478243085926439,-0.311,2,False
HD 106515 A,18.9,0.03,1,True
HD 106906,11.0,0.04,1,True
HD 10697,5.743,0.17,1,True
HD 108202,3.0,0.3048,1,True
HD 108341,2.25,0.04,1,True
HD 109988,21.821,0.14,1,True
HD 110067,0.0268069178599256,-0.2,3,False
HD 110113,0.0143158292168769,0.14,1,False
HD 110537,27.099,0.09,1,True
HD 11112,8.176,0.1869,1,True
HD 111232,18.063,-0.36,2,True
HD 111998,4.8,0.07,1,True
HD 112570,3.42,-0.4,1,True
HD 113337,19.821,0.07,1,True
HD 114082,8.0,0.0,1,True
HD 114386,1.46,-0.05,1,True
HD 114783,1.9,0.21,1,True
HD 11505,7.899,-0.2203,1,True
HD 11506,12.8,0.3,2,True
HD 115404 A,10.319,-0.1568,1,True
HD 115954,8.45,0.34,1,True
HD 117207,2.106,0.19,1,True
HD 118203,11.79,0.287,2,True
HD 120084,6.4,0.1,1,True
HD 12235,9.866,0.31,1,True
HD 125271,10.904,-0.22,1,True
HD 125390,27.204,-0.11,1,True
HD 125612,7.178,0.23,1,True
HD 12661,2.83,0.36,1,True
HD 126614,0.339,0.56,1,True
HD 128311,3.789,0.08,1,True
HD 128717,19.8,0.16,1,True
HD 129445,2.51,0.25,1,True
HD 132406,5.94,0.1293,1,True
HD 135625,2.3,0.12,1,True
HD 135694,0.019192746355111,-0.121,1,False
HD 135872,5.489,0.09,1,True
HD 136118,13.102,-0.05,1,True
HD 136352,0.0353649949231882,-0.24,3,False
HD 137496,0.0127112615204342,-0.03,1,False
HD 13931,2.8,0.05,1,True
HD 139357,19.871,-0.13,1,True
HD 1397,0.415,0.29,1,True
HD 14067,15.3,-0.1,1,True
HD 140901,1.8,0.0859,1,True
HD 141937,27.42,0.11,1,True
HD 142,10.901,0.09,2,True
HD 142022 A,4.51,0.19,1,True
HD 143361,4.35,0.14,1,True
HD 145934,2.072,0.0951,1,True
HD 149026,0.38,0.32,1,True
HD 149806,12.597,0.2206,1,True
HD 150706,2.43,-0.01,1,True
HD 152843,0.0308971752798673,-0.16,2,False
HD 15337,0.0213700218432646,0.03,2,False
HD 154345,1.186,-0.105,1,True
HD 154391,9.1,0.1,1,True
HD 155918,5.909,-0.6616,1,True
HD 156098,5.228,0.12,1,True
HD 156279,9.75,0.14,1,True
HD 16175,5.9,0.3,1,True
HD 164604,13.2,0.12,2,True
HD 165131,18.7,0.06,1,True
HD 166724,3.8,-0.09,1,True
HD 167677,2.85,-0.29,1,True
HD 168443,17.306,0.04,1,True
HD 168863,6.78,0.16,1,True
HD 16905,11.3,0.2405,1,True
HD 169830,7.669,0.21,1,True
HD 171238,8.8,0.2,1,True
HD 17156,3.26,0.208,1,True
HD 175167,14.8,0.28,1,True
HD 18015,3.3,-0.14,1,True
HD 181234,9.379,0.32,1,True
HD 18143,9.998,0.28,1,True
HD 181433,2.7,0.4012,1,True
HD 183263,9.31,0.2776,1,True
HD 183579,0.0641855779744697,-0.038,1,False
HD 185283,1.3,-0.06,1,True
HD 18599,0.0758270798619961,0.0,1,False
HD 187123,2.87,0.09,1,True
HD 188641,29.365,-0.08,1,True
HD 189733,1.13,-0.02,1,True
HD 190228,5.03,-0.24,1,True
HD 190360,1.68,0.25,2,True
HD 190984,3.58,-0.48,1,True
HD 191806,9.334,0.3,1,True
HD 191939,0.0314635186149361,-0.15,3,False
HD 194490,11.207,0.08,1,True
HD 196050,4.7,0.229,1,True
HD 196067,11.4,0.213,1,True
HD 202206,17.9,0.3,1,True
HD 202772 A,1.018,0.232,1,True
HD 203030,11.0,0.3,1,True
HD 20329,0.0233459308122826,-0.07,1,False
HD 203387,7.485,0.05,1,True
HD 204313,15.317,0.18,2,True
HD 207496,0.019192746355111,0.095,1,False
HD 207897,0.0465660075501055,-0.03,1,False
HD 209458,0.73,0.01,1,True
HD 213240,5.21,0.15,1,True
HD 213885,0.0277821476890161,-0.04,1,False
HD 214823,18.61,0.17,1,True
HD 215497,0.35,0.23,1,True
HD 216437,4.2,0.2,1,True
HD 217107,4.37,0.37,2,True
HD 217786,13.852,-0.135,1,True
HD 217958,0.524,0.2865,1,True
HD 219077,9.62,-0.13,1,True
HD 219134,0.014913633074285,0.11,2,False
HD 219666,0.055,0.04,1,False
HD 219828,16.054,0.19,1,True
HD 220689,1.2,-0.07,1,True
HD 221416,0.19,-0.08,1,True
HD 221420,22.9,0.33,1,True
HD 222155,1.83,-0.18,1,True
HD 222237,5.19,-0.32,1,True
HD 224018,0.0327220593595336,0.05,3,False
HD 224538,6.531,0.27,1,True
HD 23472,0.0261776474876269,-0.2,5,False
HD 235088,0.0130573602251985,-0.02,1,False
HD 23596,11.914,0.33,1,True
HD 24040,5.0,0.19,1,True
HD 25015,9.077,0.04,1,True
HD 25463,0.0273732611949944,-0.018,2,False
HD 25912,16.527,0.12,1,True
HD 260655,0.00972222725201527,-0.43,2,False
HD 26161,28.46,-0.0095,1,True
HD 2685,1.17,0.02,1,True
HD 27631,1.56,-0.12,1,True
HD 27894,6.493,0.3,1,True
HD 28109,0.0289464371257412,0.1,2,False
HD 28185,6.0,0.19,1,True
HD 28254,3.8,0.06,1,True
HD 29021,4.47,-0.3,1,True
HD 29985,5.473,-0.22,1,True
HD 30177,8.403,0.3699,2,True
HD 30562,1.47,0.2,1,True
HD 307842,0.0304252225006432,-0.13,1,False
HD 3167,0.0350188962184239,0.04,2,False
HD 32963,2.07,0.11,1,True
HD 332231,0.233144672936677,0.043,1,True
HD 35843,0.0356167030721077,-0.27,1,False
HD 38529,10.38,0.51,1,True
HD 39091,14.1,0.09,2,True
HD 43197,7.868,0.4,1,True
HD 44219,0.58,0.03,1,True
HD 457,26.572,0.34,1,True
HD 48265,7.4,0.3,2,True
HD 50554,5.85,-0.04,1,True
HD 5278,0.0245415445196502,-0.12,1,False
HD 55696,4.27,0.37,1,True
HD 6061,0.0314635186149361,-0.05,1,False
HD 62364,24.93,-0.11,2,True
HD 63433,0.0488911615757493,-0.07,1,False
HD 63935,0.0349245056625791,0.107,2,False
HD 66428,10.946,0.23,2,True
HD 68402,7.9,0.29,1,True
HD 68475,5.16,0.07,1,True
HD 68988,15.03,0.3052,1,True
HD 69123,3.09,0.05,1,True
HD 70642,3.9,0.22,1,True
HD 72659,19.4,-0.02,2,True
HD 73256,16.0,0.29,1,True
HD 73267,5.131,0.03,2,True
HD 73344,2.55,0.16,1,True
HD 73583,0.0320927889872349,0.0,2,False
HD 74156,8.665,0.131,1,True
HD 7449,8.174,-0.105,1,True
HD 75302,5.4,0.0857,1,True
HD 75898,8.49,0.29,1,True
HD 77338,0.05,0.32,1,False
HD 77946,0.0342952352902804,0.215,1,False
HD 80606,4.1641,0.35,1,True
HD 80653,0.0179971326477435,0.255,1,False
HD 80869,5.065,0.17,1,True
HD 80883,5.5,-0.2638,1,True
HD 80913,23.614,-0.68,1,True
HD 81040,7.24,-0.04,1,True
HD 81817,24.128,-0.17,1,True
HD 82943,1.959,0.26,2,True
HD 83443,1.5,0.34,1,True
HD 86065,9.053,-0.0202,1,True
HD 86226,0.45,0.018,2,True
HD 86264,9.808,0.202,1,True
HD 8673,13.248,0.1474,1,True
HD 87883,6.31,0.11,1,True
HD 88072,7.903,0.0426,1,True
HD 88133,1.02,0.34,1,True
HD 88986,0.0541172520176902,0.06,1,False
HD 89307,2.02,-0.13,1,True
HD 89345,0.11,0.421,1,False
HD 89839,5.5,0.04,1,True
HD 93351,13.07,-0.23,1,True
HD 93963 A,0.0578928742514825,0.11,2,False
HD 95086,5.0,0.14,1,True
HD 95338,0.135,0.08,1,False
HD 95544,6.021,0.11,1,True
HD 97037,21.105,-0.0773,1,True
HD 97658,0.026114720450397,-0.23,1,False
HD 98649,9.7,-0.06,1,True
HIP 116454,0.0305196130564881,0.0,1,False
HIP 21152,24.0,0.13,1,True
HIP 39017,23.6,-0.26,1,True
HIP 41378,0.0377562223379234,0.046,5,False
HIP 54597,2.4,-0.22,1,True
HIP 56640,6.77,-0.03,1,True
HIP 65 A,3.213,0.18,1,True
HIP 65891,5.888,0.16,1,True
HIP 66074,5.0,0.12,1,True
HIP 67537,13.558,0.15,1,True
HIP 67851,6.937,0.01,1,True
HIP 78530,23.0,-0.5,1,True
HIP 8152,0.0336659649179817,0.007,2,False
HIP 8541,7.714,-0.19,1,True
HIP 97166,0.060095320554528,0.248,1,False
HIP 97233,19.187,0.29,1,True
HN Peg,21.9987,-0.036,1,True
HR 5183,3.31,0.1,1,True
HR 810,6.2,0.16,1,True
HR 858,0.0223390982166047,0.025,2,False
HR 8799,10.0,-0.47,4,True
ISO-Oph 96,3.4,-0.05,1,True
K2-10,0.0792880669096391,-0.07,1,False
K2-100,0.0685904705805608,0.22,1,False
K2-105,0.0484538186670017,0.22,1,False
K2-107,0.84,0.14,1,True
K2-108,0.186892363842306,0.36,1,True
K2-110,0.0500269945977485,-0.34,1,False
K2-111,0.0168329824589908,-0.46,1,False
K2-113,1.29,0.27,1,True
K2-114,2.01,0.42,1,True
K2-115,1.01,-0.198,1,True
K2-121,0.160463944936174,0.04,1,True
K2-131,0.0248561797057995,-0.04,1,False
K2-132,0.49,-0.01,1,True
K2-136,0.0569489686930344,-0.02,1,False
K2-138,0.0408079791083284,0.14,6,False
K2-139,0.387,0.24,1,True
K2-140,0.93,0.1,1,True
K2-141,0.0156373687516233,0.0,1,False
K2-146,0.02358,-0.02,2,False
K2-157,0.0036,0.02,1,False
K2-167,0.0204512870997085,-0.456,1,False
K2-18,0.0280653179372621,0.12,1,False
K2-180,0.0359,-0.578,1,False
K2-182,0.066,0.022,1,False
K2-19,0.0969076373340033,0.06,2,False
K2-199,0.0390147630825208,-0.01,2,False
K2-216,0.0251706887329705,0.0,1,False
K2-222,0.0235976389612021,-0.315,1,False
K2-229,0.0220244630304553,-0.09,2,False
K2-232,0.398,0.1,1,True
K2-233,0.0324074241733842,-0.082,3,False
K2-237,1.366,0.337,1,True
K2-238,0.86,0.34,1,True
K2-24,0.0597803857408048,0.34,2,False
K2-25,0.0770856206065935,0.15,1,False
K2-260,1.72,0.334,1,True
K2-261,0.217,0.372,1,True
K2-263,0.0484538186670017,-0.08,1,False
K2-265,0.0231,0.033,1,False
K2-266,0.0449926061101847,-0.12,2,False
K2-27,0.0950198262171071,0.12,1,False
K2-277,0.0232830037750527,0.078,1,False
K2-280,0.116729654061413,0.33,1,False
K2-285,0.0493345499166221,0.0,2,False
K2-287,0.315,0.2,1,True
K2-29,0.73,0.16,1,True
K2-290,0.774,-0.06,1,True
K2-291,0.0204197212346223,0.08,1,False
K2-292,0.077085234244722,0.07,1,False
K2-295,0.335,0.14,1,True
K2-3,0.0160778580122324,-0.157,2,False
K2-30,0.579,-0.15,1,True
K2-31,1.774,0.08,1,True
K2-32,0.0471952779224042,-0.06,4,False
K2-329,0.26,0.098,1,True
K2-34,1.698,0.01,1,True
K2-36,0.0248561797057995,-0.047,2,False
K2-37,0.0393293982686702,-0.08,1,False
K2-370,0.0349245056625791,0.08,1,False
K2-38,0.026114720450397,0.26,2,False
K2-39,0.09,0.32,1,False
K2-419 A,0.617,-0.11,1,True
K2-55,0.138439481905719,0.376,1,False
K2-60,0.426,0.01,1,True
K2-66,0.0670169587515339,-0.047,1,False
K2-73,0.0289464371257412,0.04,1,False
K2-79,0.0185634759828123,0.035,1,False
K2-85,0.0100683259567796,0.14,1,False
K2-97,0.549,0.328,1,True
K2-98,0.107,-0.044,1,False
K2-99,0.87,0.2,1,True
KELT-1,27.23,0.052,1,True
KELT-10,0.679,0.09,1,True
KELT-11,0.205,0.17,1,True
KELT-12,0.95,0.19,1,True
KELT-14,1.284,0.32,1,True
KELT-15,1.31,0.05,1,True
KELT-16,2.75,-0.002,1,True
KELT-17,1.31,-0.018,1,True
KELT-18,1.18,0.09,1,True
KELT-2 A,1.7,0.0,1,True
KELT-23 A,0.938,-0.105,1,True
KELT-24,4.59,0.138,1,True
KELT-3,1.94,0.05,1,True
KELT-4 A,0.902,-0.116,1,True
KELT-6,0.52,-0.28,1,True
KELT-7,1.39,0.0,1,True
KELT-8,0.66,0.27,1,True
KELT-9,2.88,-0.03,1,True
KOI-12,22.0,0.0815,2,True
KOI-1257,1.45,0.27,1,True
KOI-13,9.28,0.2,1,True
KOI-134,1.09,0.427,2,True
KOI-142,0.674,0.27,2,True
KOI-1599,0.0283170248245918,0.06,2,False
KOI-1783,0.223389862505113,0.11,2,True
KOI-2513,23.0,-0.37,1,True
KOI-351,0.638709427883204,0.083,2,True
KOI-3680,1.93,0.16,1,True
KOI-55,0.0021,-0.106,2,False
KOI-94,0.334,0.0228,4,True
KOI-984,0.66010462054136,0.12,1,True
KPS-1,1.09,0.22,1,True
Kepler-10,0.0355223125162629,-0.15,2,False
Kepler-100,0.0126168709645894,0.1,1,False
Kepler-101,0.16,0.33,1,True
Kepler-102,0.01478785374902,0.11,2,False
Kepler-103,0.183967193341532,0.15,2,True
Kepler-104,0.062,-0.42,1,False
Kepler-105,0.033980600104131,-0.09,2,False
Kepler-106,0.035,-0.12,2,False
Kepler-107,0.04436356124706,0.321,3,False
Kepler-11,0.025,0.05,5,False
Kepler-111,0.7,0.237,1,True
Kepler-113,0.037,0.05,1,False
Kepler-114,0.012,0.2291,3,False
Kepler-117,1.84,-0.04,2,True
Kepler-12,0.432,0.07,1,True
Kepler-120,0.027,-0.12,1,False
Kepler-122,0.113,-0.08,2,False
Kepler-123,0.174,-0.08,1,True
Kepler-128,0.0119246735550608,-0.03,2,False
Kepler-129,0.135293130044225,0.29,1,False
Kepler-131,0.051,0.12,2,False
Kepler-136,0.062,0.0002,1,False
Kepler-138,0.00723660928143531,-0.18,4,False
Kepler-139,1.18932100364459,0.35,5,True
Kepler-14,8.4,0.12,1,True
Kepler-145,0.25,-0.0014,2,True
Kepler-15,0.66,0.36,1,True
Kepler-1513,0.266,0.17,2,True
Kepler-1514,5.28,0.119,1,True
Kepler-16,0.333,-0.3,1,True
Kepler-161,0.0113583302199919,0.24,2,False
Kepler-1647,1.51968033225309,-0.14,1,True
Kepler-1655,0.0169903000520655,-0.24,1,False
Kepler-1656,0.4,0.19,2,True
Kepler-1660 A,4.992,-0.36,1,True
Kepler-1661,0.0534877135575622,-0.12,1,False
Kepler-167,1.01,0.02,1,True
Kepler-17,2.45,0.26,1,True
Kepler-170,0.26,0.39,1,True
Kepler-1704,4.16,0.196,1,True
Kepler-1705,0.0170532270892954,-0.2,2,False
Kepler-176,0.00541172520176902,0.13,2,False
Kepler-177,0.0462511405468332,-0.11,2,False
Kepler-18,0.054,0.19,3,False
Kepler-183,0.112,0.11,1,False
Kepler-184,0.028,-0.1958,1,False
Kepler-189,0.071,-0.04,1,False
Kepler-19,0.0707925620614794,-0.08,3,False
Kepler-197,0.017,-0.441,1,False
Kepler-1972,0.00663880242775152,0.23,2,False
Kepler-20,0.0421611149440144,0.07,3,False
Kepler-203,2.36,0.08,2,True
Kepler-21,0.0235976389612021,-0.03,1,False
Kepler-211,0.058,0.151,1,False
Kepler-215,0.074,-0.4425,1,False
Kepler-219,0.06,0.36,1,False
Kepler-221,0.0292610723118906,0.0616,2,False
Kepler-223,0.0251706887329705,0.1,4,False
Kepler-226,0.142,0.09,2,False
Kepler-23,0.0245730080382651,-0.112,3,False
Kepler-231,0.111,-0.1,2,False
Kepler-238,0.534,0.34,3,True
Kepler-24,0.0350503597370389,-0.0708,2,False
Kepler-240,0.322,0.41,1,True
Kepler-244,0.048,0.07,1,False
Kepler-245,0.0840075947018795,0.12,2,False
Kepler-25,0.226,0.11,3,True
Kepler-254,0.01,-0.13,1,False
Kepler-26,0.0195072837680521,-0.13,2,False
Kepler-267,0.119,-0.18,1,False
Kepler-272,0.308,0.04,2,True
Kepler-276,0.052,-0.29,2,False
Kepler-277,0.275,0.09,2,True
Kepler-278,0.176195704243642,0.22,2,True
Kepler-279,0.176195704243642,-0.1141,3,True
Kepler-28,0.00648148483467684,0.1451,2,False
Kepler-281,2.05771411741682,0.02,2,True
Kepler-282,0.192,-0.2,2,True
Kepler-287,0.26114720450397,0.117,2,True
Kepler-289,0.49,0.05,4,True
Kepler-29,0.0157316804581065,-0.44,2,False
Kepler-297,0.153,-0.11,2,False
Kepler-30,2.01,0.18,3,True
Kepler-305,0.033,0.09,3,False
Kepler-307,0.0234087405216625,0.19,2,False
Kepler-310,0.0220243526413492,-0.12,1,False
Kepler-317,0.345,0.13,1,True
Kepler-323,0.0213951926581566,-0.14,1,False
Kepler-324,0.0195073815412604,0.18,2,False
Kepler-326,0.14,0.2385,3,False
Kepler-327,0.064,-0.2,1,False
Kepler-328,0.124,0.08,2,False
Kepler-33,0.0302048264795645,0.025,4,False
Kepler-333,0.089,0.0465,1,False
Kepler-338,0.096,-0.029,2,False
Kepler-339,0.046,0.033,2,False
Kepler-34,0.22,-0.07,1,True
Kepler-345,0.00692193940156688,0.1905,2,False
Kepler-349,0.297,0.1509,1,True
Kepler-35,0.127,-0.34,1,False
Kepler-350,0.0531733464592421,0.041,3,False
Kepler-351,0.035,-0.16,2,False
Kepler-359,0.00912437466570179,-0.29,2,False
Kepler-36,0.0224333763332599,-0.18,2,False
Kepler-363,0.209,0.3965,1,True
Kepler-385,0.042,0.01,2,False
Kepler-39,20.1,0.1,1,True
Kepler-396,0.238,0.1558,2,True
Kepler-4,0.077,0.17,1,False
Kepler-40,2.2,0.1,1,True
Kepler-406,0.02,0.18,2,False
Kepler-407,12.6,0.33,2,True
Kepler-41,0.56,0.38,1,True
Kepler-411,0.0830632728188025,0.21,4,False
Kepler-412,0.941,0.27,1,True
Kepler-413,0.211,-0.2,1,True
Kepler-414,0.094,0.18,2,False
Kepler-415,0.377,0.01,1,True
Kepler-416,0.183,0.1259,1,True
Kepler-417,0.035,-0.204,1,False
Kepler-419,7.3,0.176,2,True
Kepler-422,0.43,0.23,1,True
Kepler-423,0.595,-0.1,1,True
Kepler-424,1.03,0.44,1,True
Kepler-425,0.25,0.24,1,True
Kepler-426,0.34,-0.21,1,True
Kepler-427,0.29,-0.19,1,True
Kepler-428,1.27,0.09,1,True
Kepler-43,3.23,0.33,1,True
Kepler-432,5.41,-0.07,1,True
Kepler-433,2.82,-0.01,1,True
Kepler-434,2.86,0.25,1,True
Kepler-435,0.84,-0.18,1,True
Kepler-44,1.0,0.15,1,True
Kepler-444,0.000629267218324262,-0.55,2,False
Kepler-447,1.37,0.07,1,True
Kepler-45,0.505,0.28,1,True
Kepler-450,0.0610389201774534,0.1278,3,False
Kepler-454,0.0169903000520655,0.32,1,False
Kepler-46,0.376,0.41,1,True
Kepler-462,0.169587515338388,0.05,2,True
Kepler-47,0.0598433124626373,-0.25,3,False
Kepler-48,2.067,0.17,4,True
Kepler-49,0.0307398576867926,0.03,2,False
Kepler-5,2.111,0.04,1,True
Kepler-51,0.024,0.05,4,False
Kepler-538,0.0405879390132676,-0.09,1,False
Kepler-539,2.4,-0.01,2,True
Kepler-54,0.00308342482426374,-0.27,2,False
Kepler-549,0.0346096970078344,-0.03,1,False
Kepler-55,0.22,-0.01,2,True
Kepler-553,6.7,0.152,1,True
Kepler-56,0.57,0.2,2,True
Kepler-57,0.07884757764903,0.1166,2,False
Kepler-59,0.0129000426321238,-0.2,2,False
Kepler-595,0.0547462479942107,0.406,2,False
Kepler-6,0.668,0.34,1,True
Kepler-60,0.0131831482238933,-0.09,3,False
Kepler-643,1.01,0.13,1,True
Kepler-65,0.82,0.17,4,True
Kepler-68,0.840071736462889,0.11,2,True
Kepler-7,0.441,0.11,1,True
Kepler-725,0.0305196130564881,0.14,1,False
Kepler-74,0.63,0.42,1,True
Kepler-75,10.1,0.3,1,True
Kepler-76,2.01,-0.1,1,True
Kepler-77,0.43,0.2,1,True
Kepler-78,0.00528587112730927,-0.18,1,False
Kepler-79,0.0343,-0.0731,4,False
Kepler-8,0.59,-0.055,1,True
Kepler-80,0.0218041091149357,0.04,5,False
Kepler-81,0.054,-0.18,2,False
Kepler-82,0.0657584243148853,0.2107,3,False
Kepler-83,0.0129000426321238,-0.2,3,False
Kepler-84,0.126,-0.07,2,False
Kepler-849,0.94,0.145,1,True
Kepler-85,0.00676465650221127,0.12,3,False
Kepler-87,1.02,-0.17,2,True
Kepler-9,0.136550986376365,0.05,2,False
Kepler-91,0.81,0.11,1,True
Kepler-92,0.202,0.1381,2,True
Kepler-93,0.0146619996745602,-0.18,1,False
Kepler-94,9.836,0.34,2,True
Kepler-95,0.041,0.3,1,False
Kepler-96,0.027,0.04,1,False
Kepler-97,0.011,-0.2,1,False
Kepler-98,0.011,0.18,1,False
Kepler-99,0.019,0.18,1,False
L 168-9,0.012805652076279,-0.03,1,False
L 98-59,0.00629270372298723,-0.46,3,False
LHS 1140,0.0176195704243642,-0.15,2,False
LHS 1478,0.00733099983728012,-0.13,1,False
LHS 1815,0.00497123594115991,-0.12,1,False
LHS 1903,0.0187522570945019,-0.11,4,False
LHS 3844,0.00745685391173987,0.22,1,False
LP 714-47,0.0969071516219363,0.41,1,False
LP 791-18,0.0225278793282943,-0.09,2,False
LTT 1445 A,0.00858954058187756,-0.34,2,False
LTT 3780,0.0252966689664087,0.06,2,False
LTT 9779,0.0922505742063367,0.27,1,False
MASCARA-1,3.7,0.15,1,True
MASCARA-4,1.675,0.0,1,True
NGTS-1,0.812,0.0,1,True
NGTS-10,2.162,-0.02,1,True
NGTS-11,0.344,0.22,1,True
NGTS-12,0.208,-0.03,1,True
NGTS-13,4.84,0.25,1,True
NGTS-14 A,0.092,0.1,1,False
NGTS-15,0.751,0.15,1,True
NGTS-16,0.667,0.35,1,True
NGTS-17,0.764,0.15,1,True
NGTS-18,0.409,0.15,1,True
NGTS-2,0.74,-0.06,1,True
NGTS-20,2.98,0.15,1,True
NGTS-21,2.36,-0.26,1,True
NGTS-23,0.613,-0.26,1,True
NGTS-24,0.52,0.27,1,True
NGTS-25,0.639,0.12,1,True
NGTS-26,0.292,0.2,1,True
NGTS-27,0.593,0.0,1,True
NGTS-3 A,2.38,0.12,1,True
NGTS-30,0.96,-0.03,1,True
NGTS-31,1.12,0.0,1,True
NGTS-32,0.57,-0.03,1,True
NGTS-33,3.63,-0.11,1,True
NGTS-34,0.060095320554528,0.228,1,False
NGTS-35,0.478245482947029,0.085,1,True
NGTS-4,0.0648145234873989,-0.28,1,False
NGTS-5,0.229,0.12,1,True
NGTS-6,1.339,0.11,1,True
NGTS-8,0.93,0.24,1,True
NGTS-9,2.9,0.31,1,True
OGLE-2018-BLG-0740L,4.8,-0.24,1,True
OGLE-TR-10,0.62,0.28,1,True
OGLE-TR-111,0.55,0.19,1,True
OGLE-TR-113,1.26,0.09,1,True
OGLE-TR-132,1.18,0.37,1,True
OGLE-TR-182,1.01,0.37,1,True
OGLE-TR-211,1.03,0.11,1,True
OGLE-TR-56,1.39,0.25,1,True
OGLE2-TR-L9,4.5,-0.05,1,True
PDS 70,7.5,-0.11,2,True
PH2,0.274,0.017,1,True
POTS-1,2.31,-0.03,1,True
Qatar-1,1.294,0.171,1,True
Qatar-10,0.736,0.016,1,True
Qatar-2,2.494,0.02,1,True
Qatar-3,4.31,-0.041,1,True
Qatar-4,6.1,0.103,1,True
Qatar-5,4.32,0.377,1,True
Qatar-6,0.668,-0.025,1,True
Qatar-7,1.88,0.276,1,True
Qatar-8,0.371,0.025,1,True
Qatar-9,1.19,0.252,1,True
ROXs 12,16.0,0.14,1,True
Ross 176,0.0143788280070258,-0.19,1,False
TIC 139270665,0.463,0.156,1,True
TIC 147027702,1.09,-0.08,1,True
TIC 172900988 Aa,2.96386345352698,0.34,1,True
TIC 183374187,0.56,-0.39,1,True
TIC 237913194,1.942,0.14,1,True
TIC 241249530,4.98,0.09,1,True
TIC 245076932,0.51,0.02,1,True
TIC 257060897,0.634,0.054,1,True
TIC 279401253,6.14,0.2,1,True
TIC 365102760,0.0604099557406774,0.09,1,False
TIC 393818343,4.34,0.318,1,True
TIC 46432937,3.2,0.323,1,True
TIC 4672985,12.74,0.14,1,True
TIC 87422071,1.29,0.16,1,True
TOI-1011,0.0127112615204342,0.03,1,False
TOI-1052,0.0531733464592421,0.14,1,False
TOI-1062,0.0319354713941602,0.14,1,False
TOI-1064,0.0424757501301638,0.05,2,False
TOI-1075,0.0313062010218615,-0.08,1,False
TOI-1107,3.35,-0.1,1,True
TOI-1117,0.0280025315672932,0.136,1,False
TOI-1130,1.05717422546185,0.11,2,True
TOI-1136,0.0305196130564881,0.07,6,False
TOI-1173,0.086210041004925,0.139,1,False
TOI-1180,0.0314635186149361,0.067,1,False
TOI-1181,1.179,0.38,1,True
TOI-1184,0.0213951926581566,0.017,1,False
TOI-1194,0.377562223379234,0.348,1,True
TOI-1199,0.239,0.44,1,True
TOI-1201,0.0197590896901799,0.05,1,False
TOI-1203,0.0232515402564378,-0.39,2,False
TOI-1231,0.0484538186670017,0.041,1,False
TOI-1232,0.694,0.18,2,True
TOI-1235,0.0210490939533923,0.33,1,False
TOI-1238,0.0261776474876269,0.31,2,False
TOI-1243,0.0242269093335008,-0.2,1,False
TOI-1244,0.0207659222858579,0.034,1,False
TOI-1246,0.0456221019916574,0.168,4,False
TOI-1248,0.086210041004925,0.223,1,False
TOI-1249,0.037441587151774,0.297,1,False
TOI-125,0.0427901708460498,-0.02,3,False
TOI-1259 A,0.441,-0.5,1,True
TOI-1260,0.0415318445717157,-0.1,3,False
TOI-1266,0.0140327293022615,-0.109,3,False
TOI-1268,0.303308319447984,0.36,1,True
TOI-1269,0.0201366519135591,-0.049,1,False
TOI-1272,0.0849515002603276,0.182,1,False
TOI-1273,0.222,0.07,1,True
TOI-1278,18.5,-0.01,1,True
TOI-1279,0.0333513297318323,-0.079,1,False
TOI-1288,0.138754117091868,0.257,1,False
TOI-1294,0.201051883949442,0.283,1,True
TOI-1295,1.42,0.26,1,True
TOI-1296,0.299847332400341,0.405,1,True
TOI-1298,0.311488834287868,0.397,1,True
TOI-132,0.0704779284523173,0.16,1,False
TOI-1333,2.37,0.119,1,True
TOI-1338 A,0.237234930356618,0.01,2,True
TOI-1347,0.0349245056625791,0.04,1,False
TOI-1386,0.144102915256408,0.149,1,False
TOI-1408,1.86578665386571,0.25,2,True
TOI-1410,0.0393293982686702,0.328,1,False
TOI-1411,0.00629270372298723,0.012,1,False
TOI-1416,0.0109493044779978,0.08,1,False
TOI-1420,0.0789734317234897,0.28,1,False
TOI-1422,0.0440489260609106,-0.028,2,False
TOI-1431,3.12,0.09,1,True
TOI-1437,0.0302049778703387,-0.4924,1,False
TOI-1438,0.0333513297318323,0.03,2,False
TOI-1439,0.121134546667504,0.226,1,False
TOI-1444,0.0112639396641471,0.146,1,False
TOI-1450 A,0.00395811064175897,-0.12,1,False
TOI-1451,0.0478245482947029,0.019,1,False
TOI-1452,0.0151654159723992,-0.07,1,False
TOI-1453,0.00928173799140616,-0.31,1,False
TOI-1468,0.0129000426321238,-0.01,2,False
TOI-1470,0.0230312956261333,0.0,2,False
TOI-1472,0.067,0.27,2,False
TOI-1478,0.88,0.078,1,True
TOI-150,2.51,0.28,1,True
TOI-1516,3.16,-0.05,1,True
TOI-1518,1.83,-0.1,1,True
TOI-157,1.18,0.24,1,True
TOI-159,3.49,0.3,1,True
TOI-1601,1.21763817039803,0.343,1,True
TOI-163,1.22,0.22,1,True
TOI-1634,0.0154171241213187,0.23,1,False
TOI-1648,0.0233,0.2,1,False
TOI-1670,0.63,0.09,1,True
TOI-1685,0.00965930021478539,0.01,1,False
TOI-169,0.791,0.24,1,True
TOI-1691,0.0459367371778068,0.052,1,False
TOI-1694,0.0984808132647501,0.131,1,False
TOI-1695,0.0200107978390994,0.0,1,False
TOI-1710,0.0704782816974569,0.147,1,False
TOI-172,5.42,0.148,1,True
TOI-1723,0.0327220593595336,0.159,1,False
TOI-1728,0.0842588805336186,0.25,1,False
TOI-1736,8.7,0.148,2,True
TOI-1742,0.0305196130564881,0.193,1,False
TOI-1751,0.0613538612991255,-0.373,1,False
TOI-1753,0.052229440900794,0.026,1,False
TOI-1758,0.0217098278443059,-0.02,1,False
TOI-1759,0.033980600104131,0.05,1,False
TOI-1775,0.302049778703387,0.162,1,True
TOI-1776,0.00440489260609106,-0.193,1,False
TOI-178,0.017713960980209,-0.23,6,False
TOI-1789,0.7,0.373,1,True
TOI-1794,0.0273732611949944,0.035,1,False
TOI-1798,0.0204512870997085,0.073,2,False
TOI-1799,0.0125854074459745,-0.064,1,False
TOI-1801,0.0180537669812504,-0.19,1,False
TOI-1803,0.0324703512106141,0.014,2,False
TOI-1807,0.00767709854204442,0.044,1,False
TOI-181,0.1452,0.272,1,False
TOI-1811,0.972,0.306,1,True
TOI-1820,2.3,0.14,1,True
TOI-1823,0.21206411546467,0.243,1,True
TOI-1824,0.0503416297838978,0.124,1,False
TOI-1836,0.121,-0.101,1,False
TOI-1842,0.281283856417529,0.332,1,True
TOI-1853,0.230312956261333,0.11,1,True
TOI-1855,1.133,0.399,1,True
TOI-1898,0.405879390132676,-0.095,1,True
TOI-1899,0.67,0.28,1,True
TOI-1937 A,2.01,0.196,1,True
TOI-198,0.00997393540093476,-0.66,1,False
TOI-199,0.28,0.22,2,True
TOI-1994,22.1,-0.01,1,True
TOI-2000,0.257,0.439,2,True
TOI-201,15.7002957888531,0.24,3,True
TOI-2010,1.286,0.168,1,True
TOI-2015,0.0289464371257412,-0.31,2,False
TOI-2018,0.0289464371257412,-0.58,1,False
TOI-2019,0.10823450403538,0.409,1,False
TOI-2025,3.6,0.15,1,True
TOI-2031 A,0.8,-0.24,1,True
TOI-2046,2.3,-0.06,1,True
TOI-2076,0.0229683685889034,-0.09,4,False
TOI-2093,0.0497123594115991,-0.08,1,False
TOI-2107,0.83,0.07,1,True
TOI-2109,5.02,0.068,1,True
TOI-2128,0.0141585833767213,-0.07,1,False
TOI-2134,0.131800679477967,0.12,2,False
TOI-2136,0.0200422613577143,0.03,1,False
TOI-2141,0.0632416724160216,-0.14,1,False
TOI-2145,5.68,0.28,1,True
TOI-2152,2.83,0.282,1,True
TOI-2154,0.92,0.011,1,True
TOI-2158,0.82,0.47,1,True
TOI-216,0.56,0.32,2,True
TOI-2169 A,1.037,0.123,1,True
TOI-2180,2.755,0.253,1,True
TOI-2184,0.65,0.14,1,True
TOI-2193 A,0.94,0.027,1,True
TOI-2196,0.081805148398834,0.14,1,False
TOI-220,0.0434196556886119,-0.217,1,False
TOI-2202,0.904,0.059,2,True
TOI-2207,0.64,0.181,1,True
TOI-2236,1.58,0.119,1,True
TOI-2295,0.875,0.316,1,True
TOI-2322,0.0569489686930344,-0.12,2,False
TOI-2328,0.16,0.09,1,True
TOI-2337,1.6,0.39,1,True
TOI-2338,5.98,0.22,1,True
TOI-2345,0.0228739780330586,-0.1,2,False
TOI-2346,1.24,-0.03,1,True
TOI-2364,0.225,0.344,1,True
TOI-2368,0.65,0.1,1,True
TOI-2373,9.3,0.3,1,True
TOI-2374,0.194,0.128,1,True
TOI-2379,5.76,0.501,1,True
TOI-238,0.0210805574720072,-0.114,2,False
TOI-2382,0.74,0.249,1,True
TOI-2384,1.966,0.332,1,True
TOI-2416,3.0,0.32,1,True
TOI-2421,0.333,0.19,1,True
TOI-2431,0.0195073815412604,-0.02,1,False
TOI-244,0.00843222298880288,-0.39,1,False
TOI-2443,0.0151024889351693,-0.29,1,False
TOI-2447,0.393,0.18,1,True
TOI-2449,0.7,-0.03,1,True
TOI-2458,0.04187794327648,-0.1,1,False
TOI-2485,2.412,0.097,1,True
TOI-2497,4.82,0.094,1,True
TOI-2498,0.108926701444909,0.167,1,False
TOI-2524,0.64,0.06,1,True
TOI-2525,0.657,0.14,2,True
TOI-2529,2.34,0.1,1,True
TOI-2537,1.307,0.08,1,True
TOI-2567,0.201,0.241,1,True
TOI-257,0.138,0.175,1,False
TOI-2570,0.82,0.191,1,True
TOI-2580,0.63,0.26,1,True
TOI-2583 A,0.25,0.158,1,True
TOI-2587 A,0.218,0.13,1,True
TOI-2589,3.5,0.12,1,True
TOI-260,0.013309068374118,-0.47,1,False
TOI-2641,0.386,-0.15,1,True
TOI-2669,0.61,0.1,1,True
TOI-269,0.0276878963811438,-0.29,1,False
TOI-270,0.0195073815412604,-0.17,3,False
TOI-2714,0.717368224420544,0.3,1,True
TOI-2796,0.44,0.239,1,True
TOI-2803 A,0.975,-0.105,1,True
TOI-2818,0.71,-0.02,1,True
TOI-283,0.0205771411741682,-0.09,1,False
TOI-2842,0.37,0.233,1,True
TOI-286,0.0142529739325661,-0.05,2,False
TOI-2876,0.17,0.353,1,True
TOI-2886,1.4,0.284,1,True
TOI-2969,1.16,0.08,1,True
TOI-2977,1.68,0.013,1,True
TOI-2981,2.00737248763293,-0.11,1,True
TOI-2986,0.304,0.095,1,True
TOI-2989,3.0,-0.04,1,True
TOI-2992,3.33,0.084,1,True
TOI-3023,0.62,0.085,1,True
TOI-3071,0.214581196953864,0.35,1,True
TOI-3135,1.03,0.071,1,True
TOI-3160 A,1.19,-0.114,1,True
TOI-3235,0.665,0.264,1,True
TOI-3261,0.0953344614032565,0.138,1,False
TOI-3288,1.687,0.65,1,True
TOI-329,0.127112615204342,0.205,1,False
TOI-332,0.179971326477435,0.256,1,True
TOI-3321,0.554,-0.103,1,True
TOI-333,0.0632416724160216,0.01,1,False
TOI-3331 A,2.27,0.148,1,True
TOI-3362,5.029,0.017,1,True
TOI-3364,1.67,0.387,1,True
TOI-3464,1.25,0.045,1,True
TOI-3474,0.61,0.146,1,True
TOI-3486,0.312,0.283,1,True
TOI-3493,0.0282227761975977,0.03,1,False
TOI-3523 A,1.37,-0.366,1,True
TOI-3540 A,1.18,0.176,1,True
TOI-3568,0.083,-0.01,1,False
TOI-3593,1.78,0.384,1,True
TOI-3629,0.26,0.4,1,True
TOI-3682,0.218,0.416,1,True
TOI-3688 A,0.98,0.262,1,True
TOI-3693,1.02,0.071,1,True
TOI-3714,0.7,0.1,1,True
TOI-375,0.745,0.084,1,True
TOI-3757,0.268383813785405,0.0,1,True
TOI-3785,0.0470379603293295,0.099,1,False
TOI-3807,1.04,0.278,1,True
TOI-3819,1.11,0.273,1,True
TOI-3837,0.59,-0.26,1,True
TOI-3856,0.54,0.454,1,True
TOI-3862,0.1688,0.11,1,True
TOI-3877,0.314,0.269,1,True
TOI-3884,0.102539607166077,0.04,1,False
TOI-3894,0.82,0.021,1,True
TOI-3912,0.406,0.187,1,True
TOI-3919,3.88,0.175,1,True
TOI-3976 A,0.175,0.182,1,True
TOI-3980,0.59,0.188,1,True
TOI-3984 A,0.14,0.18,1,False
TOI-4010,0.120033323515981,0.37,3,False
TOI-406,0.020671531730013,-0.02,2,False
TOI-4087,0.73,0.237,1,True
TOI-4127,2.34,0.14,1,True
TOI-4137,1.44,0.182,1,True
TOI-4145 A,0.43,0.168,1,True
TOI-4153,1.15,0.317,1,True
TOI-4201,2.48,0.52,1,True
TOI-421,0.04436356124706,-0.044,2,False
TOI-4214,0.52,0.294,1,True
TOI-431,0.0311488834287868,0.2,2,False
TOI-4311,0.0141585833767213,-0.065,1,False
TOI-4329,0.45,0.29,1,True
TOI-4336 A,0.0104773516987737,0.14,2,False
TOI-4342,0.0229683685889034,0.26,2,False
TOI-4377,0.957,0.205,1,True
TOI-4379,1.113,0.16,1,True
TOI-4406,0.3,0.1,1,True
TOI-4438,0.0169903000520655,-0.19,1,False
TOI-4463 A,0.794,0.25,1,True
TOI-4465,5.89,-0.06,1,True
TOI-4487 A,1.25,0.216,1,True
TOI-4495,0.0729953631866518,0.18,2,False
TOI-4504,3.7672,0.16,2,True
TOI-451,0.0320927889872349,0.02,3,False
TOI-4515,2.005,0.05,1,True
TOI-4551,1.49,0.23,1,True
TOI-4552,0.00575782390653331,-0.07,1,False
TOI-4562,5.77,0.08,2,True
TOI-4582,0.53,0.17,1,True
TOI-4603,12.89,0.342,1,True
TOI-4666,0.489,0.79,1,True
TOI-469,0.0286318019395919,0.24,3,False
TOI-4734,0.194,0.288,1,True
TOI-4773,5.31,0.11,1,True
TOI-4791,2.31,0.207,1,True
TOI-4794,0.97,-0.102,1,True
TOI-480,0.0654441187190672,0.164,1,False
TOI-481,1.53,0.26,1,True
TOI-4860,0.273,0.27,1,True
TOI-4914,0.71422187255905,-0.13,1,True
TOI-4961,1.8,0.206,1,True
TOI-4994,0.28,0.165,1,True
TOI-500,0.00446781964332093,0.12,1,False
TOI-5005,0.103,0.15,1,False
TOI-5007,0.664,0.43,1,True
TOI-5027,2.02,-0.15,1,True
TOI-5076,0.0508,0.082,1,False
TOI-5108,0.100683259567796,0.2,1,False
TOI-5110,2.9,0.065,1,True
TOI-512,0.0112324761455322,-0.11,1,False
TOI-5153,3.26,0.12,1,True
TOI-5181 A,1.04,0.208,1,True
TOI-519,0.463,0.27,1,True
TOI-5205,1.08,0.0,1,True
TOI-521,0.0166756648659162,-0.12,1,False
TOI-5210,0.258,0.324,1,True
TOI-5232,2.34,-0.104,1,True
TOI-5261,11.49,0.254,1,True
TOI-5292 A,1.299,0.33,1,True
TOI-5293 A,0.54,-0.03,1,True
TOI-530,0.4,0.376,1,True
TOI-5300,0.6,-0.17,1,True
TOI-5301,3.72,0.03,1,True
TOI-532,0.193500639481857,0.338,1,True
TOI-5322,0.579,-0.048,1,True
TOI-5340,0.85,0.208,1,True
TOI-5344,0.412,0.425,1,True
TOI-5349,0.4,0.5,1,True
TOI-5350,6.59,0.044,1,True
TOI-5386 A,0.488,0.182,1,True
TOI-5398,0.184690854269675,0.09,2,True
TOI-5422,28.0,-0.012,1,True
TOI-544,0.00909295687971654,-0.17,1,False
TOI-5542,1.32,-0.21,1,True
TOI-5573,0.35,0.42,1,True
TOI-558,3.61,-0.004,1,True
TOI-559,6.01,-0.069,1,True
TOI-5592,0.899,-0.013,1,True
TOI-561,0.0419408703137099,-0.41,4,False
TOI-5624,0.02957570749804,-0.023,4,False
TOI-564,1.463,0.143,1,True
TOI-5678,0.0629270372298723,0.0,1,False
TOI-5688 A,0.39,0.47,1,True
TOI-5734,0.0286318019395919,-0.13,1,False
TOI-5786,0.229683685889034,0.08,1,True
TOI-5788,0.0201366519135591,-0.32,2,False
TOI-5789,0.0157317593074681,-0.12,1,False
TOI-5795,0.0744426850429389,-0.27,1,False
TOI-5800,0.0298903426841893,-0.04,1,False
TOI-5817,0.0324074241733842,-0.24,1,False
TOI-5882,22.01,0.18,1,True
TOI-5916,0.713,0.09,1,True
TOI-6016,1.17,0.28,1,True
TOI-6029,1.635,0.37,1,True
TOI-6034,0.798,-0.09,1,True
TOI-6038 A,0.246988621127249,0.124,1,True
TOI-6054,0.0393293982686702,-0.07,2,False
TOI-6130,1.05,0.28,1,True
TOI-615,0.435,-0.1,1,True
TOI-622,0.303,0.09,1,True
TOI-6255,0.0045307466805508,-0.14,1,False
TOI-628,6.33,0.258,1,True
TOI-6303,7.84,0.44,1,True
TOI-6324,0.00368123167794753,-0.32,1,False
TOI-6330,10.0,0.08,1,True
TOI-640,0.57,0.072,1,True
TOI-6420,8.2,0.24,1,True
TOI-654,0.0274047247136094,0.12,1,False
TOI-6628,0.74,0.36,1,True
TOI-663,0.0140012657836466,0.07,2,False
TOI-6651,0.19192746355111,0.225,1,True
TOI-669,0.0314635186149361,0.001,1,False
TOI-6692,0.62,-0.008,1,True
TOI-6695,0.21,0.2,1,True
TOI-672,0.160149309750025,-0.14,1,True
TOI-674,0.0742539039312493,0.17,1,False
TOI-677,1.234,0.0,1,True
TOI-6894,0.168,0.142,1,True
TOI-7041,0.36,0.25,1,True
TOI-7149,0.705,-0.08,1,True
TOI-733,0.0179971326477435,-0.04,1,False
TOI-7510,0.597,0.25,3,True
TOI-756,0.0309286387984822,0.196,1,False
TOI-757,0.0330366945456829,-0.27,1,False
TOI-762 A,0.251,0.357,1,True
TOI-763,0.0308026303369726,0.01,2,False
TOI-771,0.00777148909788923,-0.13,1,False
TOI-776,0.0217098278443059,-0.21,2,False
TOI-778,2.8,0.0,1,True
TOI-815,0.0739392687450999,-0.09,2,False
TOI-824,0.0581033886039707,-0.092,1,False
TOI-836,0.0302049778703387,-0.284,2,False
TOI-837,0.379,0.01,1,True
TOI-849,0.131517507810433,0.19,1,False
TOI-858 B,1.1,0.153,1,True
TOI-892,0.95,0.24,1,True
TOI-905,0.667,0.14,1,True
TOI-908,0.0507726799889224,0.08,1,False
TOI-912,0.0160463944936174,-0.19,1,False
TOI-954,0.174,0.215,1,True
TOI-969,0.0286318019395919,0.175,1,False
TRAPPIST-1,0.00432308745769223,0.052,7,False
TrES-1,0.84,0.02,1,True
TrES-2,1.49,-0.15,1,True
TrES-3,1.91,-0.19,1,True
TrES-4,0.78,0.14,1,True
TrES-5,1.79,0.2,1,True
UCAC3 113-933,21.0,-0.95,1,True
V1298 Tau,0.0481391834808523,0.1,4,False
V830 Tau,0.7,-0.08,1,True
WASP-1,0.854,0.17,1,True
WASP-10,3.15,0.03,1,True
WASP-100,1.26,-0.03,1,True
WASP-101,0.51,0.2,1,True
WASP-102,0.622,-0.2,1,True
WASP-103,1.49,0.06,1,True
WASP-104,1.272,0.32,1,True
WASP-105,1.8,0.28,1,True
WASP-106,1.93,-0.02,1,True
WASP-107,0.096,0.02,1,False
WASP-108,0.892,0.1478,1,True
WASP-11,0.79,0.0,1,True
WASP-110,0.487,-0.15,1,True
WASP-113,0.475,0.1,1,True
WASP-114,1.769,0.14,1,True
WASP-116,0.64,0.0,1,True
WASP-117,0.3,-0.11,1,True
WASP-118,0.514,0.16,1,True
WASP-119,1.23,0.14,1,True
WASP-12,1.47,0.12,1,True
WASP-120,4.85,-0.05,1,True
WASP-121,1.17,0.17,1,True
WASP-123,0.899,0.18,1,True
WASP-124,0.6,-0.02,1,True
WASP-126,0.284114149073404,0.2068,2,True
WASP-127,0.1647,-0.193,1,True
WASP-129,1.0,0.15,1,True
WASP-13,0.36,0.0,1,True
WASP-130,1.23,0.26,1,True
WASP-131,0.273,-0.2,1,True
WASP-132,0.428,0.15,2,True
WASP-133,1.16,0.29,1,True
WASP-135,1.9,0.02,1,True
WASP-136,1.51,-0.18,1,True
WASP-138,1.22,-0.09,1,True
WASP-139,0.117,0.2,1,False
WASP-14,8.84,0.0,1,True
WASP-140,2.44,0.12,1,True
WASP-141,2.69,0.29,1,True
WASP-142,0.84,0.26,1,True
WASP-144,0.44,0.18,1,True
WASP-145 A,0.89,-0.04,1,True
WASP-147,0.275,0.092,1,True
WASP-148,0.392,0.099,2,True
WASP-149,0.991,0.0,1,True
WASP-15,0.54,-0.17,1,True
WASP-150,8.46,0.156,1,True
WASP-151,0.316,0.1,1,True
WASP-153,0.39,0.34,1,True
WASP-154,0.626,0.2,1,True
WASP-155,0.871,0.0,1,True
WASP-156,0.131517507810433,0.305,1,False
WASP-157,0.574,0.25,1,True
WASP-158,2.79,0.24,1,True
WASP-159,0.55,0.22,1,True
WASP-16,1.24,0.01,1,True
WASP-160 B,0.278,0.27,1,True
WASP-161,2.49,0.16,1,True
WASP-162,5.2,0.28,1,True
WASP-163,1.87,-0.34,1,True
WASP-164,2.13,-0.01,1,True
WASP-165,0.658,0.33,1,True
WASP-166,0.101,0.19,1,False
WASP-168,0.42,-0.01,1,True
WASP-169,0.561,0.06,1,True
WASP-17,0.78,-0.25,1,True
WASP-170,1.6,0.22,1,True
WASP-171,1.084,0.04,1,True
WASP-172,0.47,-0.1,1,True
WASP-173 A,3.69,0.16,1,True
WASP-174,0.33,0.06,1,True
WASP-175,0.99,0.15,1,True
WASP-176,0.855,0.164,1,True
WASP-177,0.508,0.25,1,True
WASP-178,1.66,0.21,1,True
WASP-18,10.2,0.107,2,True
WASP-180 A,0.9,0.1,1,True
WASP-181,0.299,0.09,1,True
WASP-182,0.148,0.27,1,False
WASP-183,0.502,-0.31,1,True
WASP-184,0.57,0.12,1,True
WASP-185,0.98,-0.02,1,True
WASP-186,4.22,-0.08,1,True
WASP-187,0.8,0.0,1,True
WASP-188,1.443,0.0,1,True
WASP-189,1.99,0.29,1,True
WASP-19,1.154,0.04,1,True
WASP-190,1.0,-0.02,1,True
WASP-192,2.3,0.14,1,True
WASP-193,0.112,-0.108,1,False
WASP-194,1.174,0.0,1,True
WASP-195,0.104,0.0,1,False
WASP-197,1.269,0.0,1,True
WASP-2,0.931,0.12,1,True
WASP-20,0.311,-0.008,1,True
WASP-21,0.3,-0.22,1,True
WASP-22,0.67,-0.05,1,True
WASP-23,0.884,-0.05,1,True
WASP-24,1.24,0.0,1,True
WASP-25,0.564,-0.2,1,True
WASP-26,0.85,0.16,1,True
WASP-28,0.889,-0.2,1,True
WASP-29,0.23,0.11,1,True
WASP-3,2.43,0.0,1,True
WASP-31,0.478,-0.2,1,True
WASP-32,2.63,-0.13,1,True
WASP-33,2.093,0.1,1,True
WASP-34,0.56,-0.02,1,True
WASP-35,0.71,-0.15,1,True
WASP-36,2.361,-0.26,1,True
WASP-37,1.8,-0.4,1,True
WASP-38,3.44,-0.02,1,True
WASP-39,0.281,0.01,1,True
WASP-4,1.2,-0.05,1,True
WASP-41,0.85,0.06,1,True
WASP-42,0.527,0.29,1,True
WASP-43,1.78,-0.05,1,True
WASP-44,0.87,-0.003,1,True
WASP-45,0.964,-0.03,1,True
WASP-46,1.91,-0.3,1,True
WASP-47,1.17673559619861,0.43,3,True
WASP-48,0.8,-0.12,1,True
WASP-49,0.37,-0.23,1,True
WASP-5,1.58,0.09,1,True
WASP-50,1.4688,-0.12,1,True
WASP-52,0.46,0.03,1,True
WASP-53,2.132,0.22,1,True
WASP-54,0.59,-0.27,1,True
WASP-55,0.586,-0.03,1,True
WASP-56,0.45,0.12,1,True
WASP-57,0.644,-0.25,1,True
WASP-58,0.97,-0.45,1,True
WASP-59,0.863,-0.15,1,True
WASP-6,0.467,-0.15,1,True
WASP-60,0.55,-0.04,1,True
WASP-61,2.68,-0.1,1,True
WASP-62,0.52,0.04,1,True
WASP-63,0.37,0.08,1,True
WASP-64,1.271,-0.08,1,True
WASP-65,1.55,-0.07,1,True
WASP-66,2.35,-0.31,1,True
WASP-67,0.43,-0.07,1,True
WASP-68,1.08,0.22,1,True
WASP-69,0.26,0.35,1,True
WASP-7,0.96,0.0,1,True
WASP-70 A,0.59,-0.006,1,True
WASP-71,1.39,0.15,1,True
WASP-72,2.3,-0.06,1,True
WASP-73,2.86,0.14,1,True
WASP-74,0.72,0.39,1,True
WASP-75,1.07,0.07,1,True
WASP-76,0.894,0.366,1,True
WASP-77 A,1.6654,-0.1,1,True
WASP-78,1.11,-0.35,1,True
WASP-79,0.85,0.03,1,True
WASP-8,2.54,0.17,1,True
WASP-80,0.538,-0.13,1,True
WASP-81,0.729,-0.36,1,True
WASP-82,1.17,0.12,1,True
WASP-83,0.3,0.29,1,True
WASP-84,0.692,0.0,2,True
WASP-85 A,1.265,0.118,1,True
WASP-88,0.42,-0.08,1,True
WASP-89,5.9,0.15,1,True
WASP-90,0.63,0.11,1,True
WASP-91,1.34,0.19,1,True
WASP-92,0.805,0.0,1,True
WASP-93,1.47,0.07,1,True
WASP-94 A,0.5,0.26,1,True
WASP-95,1.44,0.14,1,True
WASP-96,0.48,0.14,1,True
WASP-97,1.36,0.23,1,True
WASP-98,0.922,-0.49,1,True
WASP-99,2.43,0.21,1,True
WTS-1,4.01,-0.5,1,True
WTS-2,1.12,0.2,1,True
Wolf 327,0.00796027020957884,-0.17,1,False
Wolf 503,0.01969616265295,-0.47,1,False
XEST 17-036,10.6,-0.15,1,True
XO-1,0.83,0.02,1,True
XO-2 N,0.629,0.37,1,True
XO-3,13.27,-0.159,1,True
XO-4,1.42,-0.04,1,True
XO-5,1.19,0.05,1,True
XO-7,0.709,0.432,1,True
bet Pic,11.729,-0.21,2,True
eps Eri,0.66,-0.13,1,True
eps Ind A,7.63,0.22,1,True
gam Cep,6.6,0.18,1,True
kap And,17.3,0.0,1,True
kap CrB,2.0,0.09,1,True
nu Oct A,2.19,0.18,1,True
nu Oph,24.662,0.1,2,True
tau Boo,5.95,0.2642,1,True
ups And,13.98,0.1014,2,True
